bedrooms,bathrooms,kitchens,tv_lounges,area_sqm,location,price
8,6,1,1,507.8,DHA Islamabad,168463000.0
8,7,1,2,380.8,Saddar Rawalpindi,58840000.0
5,5,1,1,192.2,Gulshan-e-Iqbal Karachi,31938000.0
9,7,1,2,462.7,DHA Lahore,173626000.0
2,2,1,1,105.6,DHA Lahore,33725000.0
10,8,1,1,478.2,Satellite Town Rawalpindi,104344000.0
8,5,1,2,378.6,DHA Islamabad,123987000.0
3,2,1,1,119.8,Gulshan-e-Iqbal Karachi,18702000.0
2,1,1,1,102.9,F-10 Islamabad,32578000.0
8,6,2,1,465.5,Bahria Town Rawalpindi,108221000.0
5,4,1,1,218.2,Johar Town Lahore,48549000.0
10,7,2,1,540.2,Hayatabad Peshawar,93504000.0
8,7,2,1,471.5,Saddar Rawalpindi,79524000.0
8,7,1,1,437.0,Saddar Rawalpindi,70320000.0
5,4,1,1,210.4,Gulshan-e-Iqbal Karachi,37331000.0
10,8,2,1,442.8,Saddar Rawalpindi,89347000.0
10,7,1,1,572.0,Johar Town Lahore,158662000.0
2,2,1,1,109.4,Bahria Town Rawalpindi,20458000.0
5,4,1,1,236.1,Satellite Town Rawalpindi,40478000.0
4,3,1,1,186.7,DHA Lahore,56129000.0
4,4,1,1,272.4,Johar Town Lahore,53411000.0
10,8,1,2,460.9,DHA Lahore,212253000.0
6,4,2,2,316.1,F-10 Islamabad,108858000.0
7,6,2,2,368.2,Hayatabad Peshawar,62512000.0
6,5,1,2,229.6,Saddar Rawalpindi,33990000.0
2,1,1,1,136.3,Gulshan-e-Iqbal Karachi,22385000.0
4,3,1,1,204.1,DHA Lahore,65511000.0
8,7,2,1,524.2,Satellite Town Rawalpindi,108634000.0
7,6,1,2,385.3,Johar Town Lahore,107642000.0
3,2,1,2,264.1,DHA Lahore,80499000.0
10,7,1,2,486.5,DHA Lahore,195827000.0
2,1,1,1,94.8,F-10 Islamabad,28723000.0
3,2,1,1,197.1,Bahria Town Rawalpindi,31781000.0
3,3,1,1,184.3,Clifton Karachi,50787000.0
10,7,1,2,592.1,Satellite Town Rawalpindi,117377000.0
7,5,1,2,441.3,DHA Islamabad,129298000.0
7,5,2,2,393.6,Satellite Town Rawalpindi,73004000.0
2,1,1,1,62.7,Satellite Town Rawalpindi,9360000.0
1,1,1,1,159.5,Gulberg Lahore,39145000.0
8,6,2,2,403.2,Clifton Karachi,140987000.0
3,3,1,1,265.0,Bahria Town Rawalpindi,51722000.0
10,8,2,1,559.1,Saddar Rawalpindi,91647000.0
7,7,2,1,473.0,Gulshan-e-Iqbal Karachi,103488000.0
7,5,2,1,301.6,Gulberg Lahore,99368000.0
7,7,1,2,464.7,DHA Islamabad,157453000.0
9,8,1,2,586.7,Hayatabad Peshawar,105093000.0
6,5,1,1,308.9,DHA Lahore,122004000.0
7,5,2,2,407.0,Satellite Town Rawalpindi,79131000.0
9,7,1,1,556.1,Gulshan-e-Iqbal Karachi,105148000.0
4,3,1,1,194.3,Saddar Rawalpindi,25663000.0
8,6,1,2,538.7,Saddar Rawalpindi,86711000.0
1,1,1,1,112.7,F-10 Islamabad,39363000.0
7,4,2,1,410.2,DHA Lahore,144896000.0
10,9,2,2,482.7,Johar Town Lahore,135537000.0
8,6,2,2,391.9,Johar Town Lahore,90414000.0
7,6,2,1,327.6,DHA Islamabad,98631000.0
7,5,2,1,393.4,Clifton Karachi,131411000.0
1,1,1,1,141.9,Bahria Town Rawalpindi,22042000.0
4,3,1,1,176.4,Saddar Rawalpindi,24219000.0
5,4,1,1,205.7,Gulshan-e-Iqbal Karachi,31263000.0
8,6,1,1,382.8,Hayatabad Peshawar,58039000.0
6,5,1,2,298.6,Saddar Rawalpindi,51853000.0
2,2,1,1,192.0,DHA Lahore,53624000.0
9,8,2,1,536.7,Hayatabad Peshawar,93779000.0
7,6,1,1,261.9,DHA Lahore,73805000.0
4,3,1,2,300.9,Gulberg Lahore,87062000.0
4,3,2,1,281.2,Satellite Town Rawalpindi,40016000.0
4,4,1,1,158.2,DHA Lahore,56741000.0
8,7,2,1,455.1,DHA Islamabad,165162000.0
4,3,2,1,302.2,Johar Town Lahore,58314000.0
3,2,1,1,68.8,Saddar Rawalpindi,9305000.0
10,8,2,2,580.6,F-10 Islamabad,294939000.0
9,7,1,1,500.5,Johar Town Lahore,137975000.0
7,6,2,2,450.7,Bahria Town Rawalpindi,95291000.0
10,8,2,1,529.3,Gulshan-e-Iqbal Karachi,93968000.0
10,9,2,1,549.7,Johar Town Lahore,139464000.0
6,5,1,2,242.2,Gulberg Lahore,86117000.0
8,8,1,2,389.9,F-10 Islamabad,197754000.0
7,5,2,2,388.8,Clifton Karachi,131229000.0
3,3,1,2,204.3,Gulshan-e-Iqbal Karachi,31257000.0
5,3,1,1,179.9,Hayatabad Peshawar,27854000.0
4,4,1,1,121.5,DHA Lahore,41237000.0
6,4,2,2,416.0,Bahria Town Rawalpindi,77576000.0
9,7,2,2,481.7,Satellite Town Rawalpindi,97806000.0
8,7,2,2,470.9,Clifton Karachi,181622000.0
3,2,1,1,230.8,Gulshan-e-Iqbal Karachi,35137000.0
3,2,1,1,170.8,Bahria Town Rawalpindi,31271000.0
4,3,2,2,305.0,Gulberg Lahore,84509000.0
6,5,1,1,355.3,Saddar Rawalpindi,49236000.0
9,7,2,2,556.3,Satellite Town Rawalpindi,108045000.0
9,7,1,2,532.4,DHA Lahore,210582000.0
10,8,2,1,554.7,Saddar Rawalpindi,103310000.0
8,7,2,2,519.1,Satellite Town Rawalpindi,108592000.0
10,9,1,1,580.9,DHA Lahore,287104000.0
6,4,2,1,311.4,Satellite Town Rawalpindi,52263000.0
3,3,1,1,85.6,Gulberg Lahore,24506000.0
2,1,1,1,105.1,F-10 Islamabad,31811000.0
4,3,2,2,270.7,Gulshan-e-Iqbal Karachi,48704000.0
5,3,1,1,199.2,Gulshan-e-Iqbal Karachi,35629000.0
2,2,1,1,151.8,Bahria Town Rawalpindi,24742000.0
10,9,1,2,574.7,Satellite Town Rawalpindi,140613000.0
4,3,1,1,165.5,F-10 Islamabad,55807000.0
9,7,1,2,578.1,Saddar Rawalpindi,108362000.0
9,7,1,2,470.9,DHA Islamabad,181422000.0
8,5,2,1,406.1,Saddar Rawalpindi,60420000.0
9,8,2,1,425.1,Saddar Rawalpindi,78762000.0
5,4,1,1,239.0,Saddar Rawalpindi,28411000.0
9,6,2,2,409.1,Gulshan-e-Iqbal Karachi,86967000.0
3,2,1,1,160.8,Johar Town Lahore,28762000.0
9,7,2,2,566.4,Gulshan-e-Iqbal Karachi,120569000.0
6,5,1,1,223.0,Gulberg Lahore,77891000.0
2,1,1,1,197.8,Saddar Rawalpindi,26760000.0
7,6,2,1,444.0,Clifton Karachi,160472000.0
8,6,1,1,414.5,Johar Town Lahore,100406000.0
7,5,1,1,303.7,Johar Town Lahore,68242000.0
7,5,2,2,401.5,Clifton Karachi,135347000.0
4,4,1,1,146.1,DHA Islamabad,38527000.0
6,4,2,2,423.6,Bahria Town Rawalpindi,85133000.0
3,2,1,2,206.1,F-10 Islamabad,69304000.0
2,2,1,2,207.3,Bahria Town Rawalpindi,33635000.0
3,3,1,1,147.6,DHA Lahore,40626000.0
3,2,1,1,239.5,Gulshan-e-Iqbal Karachi,33366000.0
3,3,1,2,238.9,Gulshan-e-Iqbal Karachi,29746000.0
6,6,1,2,305.3,Johar Town Lahore,69801000.0
4,3,1,1,162.8,Satellite Town Rawalpindi,26918000.0
3,2,1,1,164.2,Clifton Karachi,36735000.0
7,5,1,1,352.5,DHA Islamabad,113212000.0
3,3,1,1,129.6,Saddar Rawalpindi,17454000.0
8,5,1,1,432.0,Clifton Karachi,133256000.0
9,8,2,1,569.7,Clifton Karachi,204382000.0
6,6,1,1,290.5,Clifton Karachi,101877000.0
10,8,2,1,546.6,Clifton Karachi,192524000.0
3,3,1,1,113.1,DHA Islamabad,30896000.0
2,2,1,1,83.2,Clifton Karachi,22778000.0
7,7,2,2,449.5,Saddar Rawalpindi,71875000.0
9,8,1,1,471.0,Gulberg Lahore,190584000.0
9,6,1,2,515.3,Clifton Karachi,188827000.0
1,1,1,1,90.7,DHA Islamabad,21656000.0
8,7,1,1,479.5,Gulberg Lahore,202642000.0
4,3,1,2,263.3,DHA Lahore,92636000.0
5,5,1,1,223.8,Hayatabad Peshawar,27358000.0
1,2,1,1,153.4,F-10 Islamabad,47283000.0
10,7,1,1,597.8,Gulberg Lahore,265988000.0
1,1,1,1,94.4,DHA Lahore,24653000.0
10,7,1,1,506.6,Hayatabad Peshawar,82753000.0
8,6,2,1,405.3,Satellite Town Rawalpindi,85189000.0
7,5,2,1,456.9,DHA Islamabad,153424000.0
9,8,2,1,444.3,F-10 Islamabad,212080000.0
10,7,2,2,523.6,Satellite Town Rawalpindi,115210000.0
2,1,1,1,159.2,DHA Islamabad,40026000.0
1,1,1,1,60.4,Satellite Town Rawalpindi,8007000.0
7,5,1,2,383.2,Gulberg Lahore,136545000.0
6,4,1,2,251.1,Hayatabad Peshawar,34551000.0
4,3,1,1,126.8,Gulberg Lahore,36894000.0
2,1,1,1,160.5,DHA Lahore,51291000.0
6,4,1,1,239.1,Gulshan-e-Iqbal Karachi,40501000.0
1,1,1,1,97.9,Bahria Town Rawalpindi,17424000.0
1,1,1,1,90.7,Clifton Karachi,23317000.0
10,8,2,2,554.7,Johar Town Lahore,147979000.0
5,4,1,1,228.5,Saddar Rawalpindi,29301000.0
10,8,2,1,590.4,Hayatabad Peshawar,113906000.0
10,7,2,1,580.8,Gulshan-e-Iqbal Karachi,119731000.0
1,1,1,1,137.0,DHA Lahore,32317000.0
9,7,2,2,446.1,DHA Lahore,195291000.0
7,6,2,2,384.4,DHA Lahore,147104000.0
6,5,2,1,432.9,Saddar Rawalpindi,63400000.0
1,2,1,1,111.9,Gulberg Lahore,32052000.0
4,2,1,1,161.8,Bahria Town Rawalpindi,23732000.0
2,2,1,1,101.4,Gulberg Lahore,26699000.0
6,4,1,1,386.2,DHA Islamabad,114046000.0
10,7,1,1,592.8,Bahria Town Rawalpindi,144687000.0
8,6,1,2,422.9,DHA Islamabad,164073000.0
8,8,2,1,443.8,Saddar Rawalpindi,75987000.0
9,7,1,1,591.7,Gulshan-e-Iqbal Karachi,121382000.0
10,8,1,2,426.1,Gulshan-e-Iqbal Karachi,106703000.0
2,1,1,1,81.7,Johar Town Lahore,14984000.0
9,6,1,2,528.2,Gulshan-e-Iqbal Karachi,108008000.0
4,3,2,2,256.9,Bahria Town Rawalpindi,44482000.0
1,1,1,1,62.4,Satellite Town Rawalpindi,9945000.0
5,4,2,1,333.9,Johar Town Lahore,69317000.0
10,8,1,1,566.0,Hayatabad Peshawar,95490000.0
2,1,1,1,199.0,Bahria Town Rawalpindi,33188000.0
6,4,2,1,325.4,Johar Town Lahore,73394000.0
2,2,1,1,153.8,Gulshan-e-Iqbal Karachi,22151000.0
1,1,1,1,91.2,Johar Town Lahore,16467000.0
4,3,1,1,103.5,DHA Lahore,37483000.0
8,7,1,1,452.6,Bahria Town Rawalpindi,115545000.0
10,7,1,1,526.6,DHA Lahore,211439000.0
1,1,1,1,137.4,F-10 Islamabad,41055000.0
3,1,1,2,215.7,Gulberg Lahore,57829000.0
3,3,1,1,165.3,Gulshan-e-Iqbal Karachi,30786000.0
2,2,1,1,74.5,Clifton Karachi,20094000.0
4,3,2,1,358.9,Clifton Karachi,114376000.0
8,7,1,2,438.0,Gulberg Lahore,169120000.0
8,6,2,2,409.9,Hayatabad Peshawar,74389000.0
6,4,1,1,269.5,DHA Islamabad,79886000.0
6,6,2,2,359.7,Gulberg Lahore,116141000.0
1,2,1,1,110.8,Bahria Town Rawalpindi,20439000.0
2,1,1,1,143.3,Gulberg Lahore,41175000.0
9,7,2,2,563.2,Hayatabad Peshawar,95193000.0
9,8,2,1,471.2,DHA Lahore,214481000.0
7,6,1,2,558.3,Satellite Town Rawalpindi,109306000.0
10,8,2,2,555.0,Johar Town Lahore,166196000.0
9,8,2,2,410.7,Gulshan-e-Iqbal Karachi,87103000.0
10,8,2,2,561.2,Johar Town Lahore,160985000.0
6,5,2,1,285.0,F-10 Islamabad,117515000.0
1,1,1,1,62.0,Saddar Rawalpindi,7359000.0
1,1,1,1,93.8,Hayatabad Peshawar,10372000.0
4,3,1,1,119.1,F-10 Islamabad,41097000.0
2,1,1,1,111.5,Saddar Rawalpindi,14246000.0
5,5,1,2,249.9,F-10 Islamabad,93814000.0
7,6,1,1,438.7,Gulshan-e-Iqbal Karachi,84085000.0
9,8,1,1,487.0,Saddar Rawalpindi,87864000.0
6,5,1,1,378.7,DHA Lahore,136567000.0
4,3,1,1,139.1,Saddar Rawalpindi,19739000.0
10,8,2,1,463.9,F-10 Islamabad,205813000.0
5,4,2,1,251.6,DHA Islamabad,73741000.0
1,1,1,1,67.0,Bahria Town Rawalpindi,9407000.0
1,1,1,1,211.5,DHA Lahore,58833000.0
3,2,1,2,238.5,Satellite Town Rawalpindi,34642000.0
5,3,1,1,208.1,Bahria Town Rawalpindi,39363000.0
8,7,1,2,498.4,Johar Town Lahore,118300000.0
8,8,2,1,470.4,Gulshan-e-Iqbal Karachi,80971000.0
9,6,2,2,435.6,F-10 Islamabad,222992000.0
4,4,1,1,135.1,Gulshan-e-Iqbal Karachi,21924000.0
9,7,2,1,496.2,Gulberg Lahore,205810000.0
7,6,2,2,425.7,Saddar Rawalpindi,68219000.0
3,3,1,1,165.2,Clifton Karachi,52156000.0
7,7,1,2,410.0,Clifton Karachi,130772000.0
5,4,2,2,321.1,Bahria Town Rawalpindi,64653000.0
6,4,1,2,297.2,Johar Town Lahore,61548000.0
2,2,1,1,120.5,Satellite Town Rawalpindi,21160000.0
8,7,2,2,339.9,DHA Islamabad,115915000.0
3,2,1,1,114.0,Saddar Rawalpindi,15988000.0
4,4,1,1,148.7,Johar Town Lahore,32058000.0
1,1,1,1,131.6,Gulshan-e-Iqbal Karachi,18420000.0
10,8,1,2,575.2,Gulshan-e-Iqbal Karachi,125174000.0
3,2,1,1,213.8,DHA Lahore,71656000.0
5,4,1,1,251.8,Gulberg Lahore,83399000.0
5,4,1,2,233.9,Clifton Karachi,73459000.0
10,7,1,2,545.1,Bahria Town Rawalpindi,132038000.0
9,7,2,2,364.0,Clifton Karachi,152136000.0
10,7,1,2,556.3,Bahria Town Rawalpindi,126252000.0
5,4,1,2,222.0,Gulshan-e-Iqbal Karachi,33319000.0
3,3,1,1,122.0,Clifton Karachi,31783000.0
8,6,2,2,360.4,DHA Islamabad,113956000.0
3,3,1,1,246.6,Saddar Rawalpindi,31433000.0
10,9,1,1,493.0,DHA Lahore,195492000.0
9,8,1,1,534.9,Saddar Rawalpindi,93718000.0
5,4,2,2,315.2,DHA Islamabad,97541000.0
10,9,2,1,584.5,Bahria Town Rawalpindi,143949000.0
8,5,1,1,358.6,Johar Town Lahore,80497000.0
3,1,1,2,206.3,F-10 Islamabad,73907000.0
5,4,2,2,324.0,Gulberg Lahore,110129000.0
2,2,1,1,80.1,Gulshan-e-Iqbal Karachi,13219000.0
9,8,1,1,494.2,Bahria Town Rawalpindi,120132000.0
3,2,1,1,114.8,Gulshan-e-Iqbal Karachi,17131000.0
8,7,1,1,226.7,Bahria Town Rawalpindi,54475000.0
7,6,1,2,365.3,Bahria Town Rawalpindi,79739000.0
1,1,1,1,83.2,Clifton Karachi,22179000.0
1,1,1,1,102.8,Saddar Rawalpindi,13129000.0
8,6,1,2,435.9,Bahria Town Rawalpindi,94762000.0
1,1,1,1,98.8,Gulberg Lahore,26042000.0
6,5,2,1,317.6,Hayatabad Peshawar,45506000.0
5,4,1,2,242.9,Hayatabad Peshawar,31518000.0
3,3,1,1,183.2,Clifton Karachi,43921000.0
5,5,1,1,161.9,DHA Lahore,53387000.0
8,7,1,1,472.2,Gulberg Lahore,173622000.0
10,7,2,2,573.8,Clifton Karachi,232558000.0
3,2,1,1,135.7,Clifton Karachi,39453000.0
10,7,2,2,578.2,Gulberg Lahore,221435000.0
8,6,1,1,381.2,DHA Islamabad,119870000.0
8,6,1,1,406.5,Bahria Town Rawalpindi,86658000.0
9,8,2,2,443.4,Hayatabad Peshawar,68905000.0
7,6,1,2,440.2,DHA Lahore,141765000.0
10,9,1,1,502.7,Johar Town Lahore,119681000.0
7,6,1,1,321.1,Johar Town Lahore,82924000.0
8,6,1,1,348.0,Saddar Rawalpindi,64927000.0
3,2,1,1,234.9,DHA Islamabad,65574000.0
1,2,1,1,116.8,DHA Islamabad,29044000.0
8,6,1,1,418.9,Gulberg Lahore,134438000.0
1,1,1,1,78.1,Johar Town Lahore,13727000.0
4,4,1,1,208.8,Gulshan-e-Iqbal Karachi,35935000.0
3,3,1,1,110.9,Johar Town Lahore,23295000.0
2,3,1,1,163.0,DHA Lahore,52024000.0
7,6,2,1,404.9,Hayatabad Peshawar,66407000.0
6,5,2,1,399.4,Bahria Town Rawalpindi,92939000.0
5,5,1,1,287.4,Clifton Karachi,87075000.0
1,1,1,1,108.7,Johar Town Lahore,23101000.0
5,4,2,2,294.0,Johar Town Lahore,56119000.0
4,3,2,1,250.5,Saddar Rawalpindi,33714000.0
8,5,2,2,449.0,F-10 Islamabad,193085000.0
6,5,1,2,372.7,Hayatabad Peshawar,55960000.0
8,6,2,1,325.4,Gulberg Lahore,116056000.0
5,5,2,1,323.0,Johar Town Lahore,69601000.0
10,8,1,2,581.8,Johar Town Lahore,178620000.0
8,7,1,2,468.4,Satellite Town Rawalpindi,88876000.0
5,4,2,2,328.4,DHA Lahore,107033000.0
4,3,2,2,318.8,Gulberg Lahore,111303000.0
1,1,1,1,74.3,DHA Islamabad,19136000.0
9,8,2,2,569.0,DHA Lahore,255435000.0
4,3,1,2,232.4,Satellite Town Rawalpindi,38687000.0
5,4,1,1,198.2,DHA Islamabad,52624000.0
9,6,1,2,599.7,Satellite Town Rawalpindi,119440000.0
8,7,1,1,448.1,Johar Town Lahore,98571000.0
1,1,1,1,85.6,Bahria Town Rawalpindi,13833000.0
1,1,1,1,93.4,Gulberg Lahore,25575000.0
2,1,1,1,73.8,Clifton Karachi,20668000.0
7,5,2,2,383.8,Gulberg Lahore,133993000.0
2,2,1,1,98.6,Bahria Town Rawalpindi,17471000.0
10,8,2,2,564.0,Gulshan-e-Iqbal Karachi,112537000.0
10,9,2,2,565.9,Gulshan-e-Iqbal Karachi,130965000.0
6,5,2,1,354.9,Bahria Town Rawalpindi,76128000.0
7,7,2,2,393.0,Gulberg Lahore,135553000.0
3,2,1,1,217.6,F-10 Islamabad,75971000.0
2,1,1,1,94.5,Gulshan-e-Iqbal Karachi,14729000.0
9,7,1,2,458.2,Saddar Rawalpindi,80562000.0
1,1,1,1,115.0,Gulshan-e-Iqbal Karachi,15195000.0
2,2,1,1,106.2,Hayatabad Peshawar,12774000.0
4,4,1,2,228.1,Saddar Rawalpindi,34490000.0
2,1,1,1,66.7,Gulberg Lahore,16983000.0
6,6,1,2,294.4,Bahria Town Rawalpindi,57213000.0
9,7,2,1,442.1,Clifton Karachi,166429000.0
9,6,1,2,492.7,Hayatabad Peshawar,82546000.0
8,7,2,1,386.3,Hayatabad Peshawar,70136000.0
9,7,2,1,517.3,F-10 Islamabad,240309000.0
4,3,1,1,279.5,F-10 Islamabad,90764000.0
6,5,1,1,518.3,DHA Islamabad,182502000.0
6,5,2,2,333.5,Bahria Town Rawalpindi,74579000.0
2,1,1,1,180.4,Clifton Karachi,40414000.0
10,8,1,1,569.8,Clifton Karachi,197009000.0
2,1,1,1,208.5,DHA Lahore,58279000.0
1,1,1,1,74.1,Gulberg Lahore,20551000.0
4,4,1,1,191.0,Satellite Town Rawalpindi,26272000.0
4,2,2,2,258.0,Johar Town Lahore,52989000.0
5,4,1,1,249.7,Saddar Rawalpindi,38691000.0
6,4,1,2,343.3,Hayatabad Peshawar,38970000.0
10,8,2,2,536.9,Gulberg Lahore,224625000.0
5,4,1,1,217.9,F-10 Islamabad,86171000.0
7,5,2,1,341.2,Hayatabad Peshawar,47571000.0
5,4,1,2,243.7,Clifton Karachi,69553000.0
8,7,1,2,503.8,Gulberg Lahore,174288000.0
2,2,1,1,145.1,Clifton Karachi,31532000.0
3,2,1,1,115.9,Johar Town Lahore,21948000.0
5,5,1,1,331.6,Satellite Town Rawalpindi,58336000.0
8,7,2,2,422.8,F-10 Islamabad,170374000.0
9,8,1,2,489.6,Hayatabad Peshawar,85964000.0
7,5,2,1,378.4,Hayatabad Peshawar,56481000.0
8,6,2,2,477.9,Bahria Town Rawalpindi,108361000.0
3,2,1,2,272.1,Bahria Town Rawalpindi,46747000.0
2,1,1,1,77.7,Johar Town Lahore,14997000.0
3,2,1,1,122.7,DHA Islamabad,35478000.0
1,1,1,1,80.9,Gulberg Lahore,20578000.0
5,5,1,2,237.6,DHA Lahore,88227000.0
7,5,2,2,327.6,Hayatabad Peshawar,51997000.0
5,4,2,2,252.4,Hayatabad Peshawar,36475000.0
6,5,2,2,362.7,Bahria Town Rawalpindi,84405000.0
5,4,1,2,319.5,Satellite Town Rawalpindi,52316000.0
8,7,1,2,426.1,Bahria Town Rawalpindi,92441000.0
8,7,2,2,420.2,Saddar Rawalpindi,68953000.0
4,3,1,2,231.8,Satellite Town Rawalpindi,39998000.0
4,3,1,1,247.0,Satellite Town Rawalpindi,39062000.0
6,5,2,2,376.0,F-10 Islamabad,144588000.0
7,6,2,2,382.1,Satellite Town Rawalpindi,81898000.0
5,3,1,2,229.9,Bahria Town Rawalpindi,49546000.0
5,5,1,1,238.4,Johar Town Lahore,51107000.0
8,7,2,1,434.8,Johar Town Lahore,98233000.0
9,7,1,1,409.6,Gulberg Lahore,171785000.0
2,2,1,1,132.9,DHA Islamabad,35343000.0
7,6,1,1,298.2,Saddar Rawalpindi,49479000.0
9,8,1,1,542.1,Gulberg Lahore,206405000.0
3,2,1,1,79.6,Gulshan-e-Iqbal Karachi,11497000.0
10,9,1,1,521.8,DHA Lahore,213571000.0
2,2,1,1,148.1,DHA Lahore,46077000.0
8,6,2,2,333.9,Satellite Town Rawalpindi,63559000.0
6,4,2,2,289.1,Bahria Town Rawalpindi,60773000.0
1,1,1,1,65.5,Saddar Rawalpindi,7965000.0
10,7,2,2,554.3,Saddar Rawalpindi,93088000.0
7,6,1,2,305.7,DHA Lahore,128651000.0
10,9,1,2,575.3,F-10 Islamabad,281787000.0
3,1,1,2,214.8,DHA Islamabad,58009000.0
9,7,2,1,527.8,Hayatabad Peshawar,88495000.0
10,9,2,2,558.1,Hayatabad Peshawar,84628000.0
6,5,1,2,360.7,F-10 Islamabad,138477000.0
5,5,1,1,169.4,DHA Islamabad,45445000.0
8,6,2,1,430.0,Bahria Town Rawalpindi,95129000.0
6,4,1,1,356.4,DHA Islamabad,109957000.0
10,8,2,1,570.0,Satellite Town Rawalpindi,120894000.0
5,2,2,2,297.2,Satellite Town Rawalpindi,54050000.0
5,3,1,1,205.0,Bahria Town Rawalpindi,34472000.0
1,1,1,1,134.7,Saddar Rawalpindi,15454000.0
7,6,1,2,437.3,Bahria Town Rawalpindi,96378000.0
10,9,2,1,586.0,DHA Lahore,255152000.0
3,3,1,1,75.3,Clifton Karachi,19291000.0
8,5,2,1,459.8,Gulshan-e-Iqbal Karachi,94563000.0
9,7,2,1,560.5,Satellite Town Rawalpindi,125306000.0
2,3,1,1,100.4,DHA Islamabad,27280000.0
2,3,1,1,119.5,F-10 Islamabad,35796000.0
8,7,2,1,433.7,Gulberg Lahore,161458000.0
8,6,2,1,409.9,Gulberg Lahore,151583000.0
1,1,1,1,97.2,Hayatabad Peshawar,10695000.0
7,6,2,1,510.6,Saddar Rawalpindi,91522000.0
5,4,1,1,342.6,Gulberg Lahore,107534000.0
10,9,1,2,549.9,Hayatabad Peshawar,107883000.0
8,7,2,2,534.1,Johar Town Lahore,142905000.0
9,7,1,2,498.8,Johar Town Lahore,129920000.0
5,4,1,2,338.6,DHA Lahore,124338000.0
5,4,1,1,195.9,Bahria Town Rawalpindi,41670000.0
8,7,1,1,333.2,Hayatabad Peshawar,55042000.0
1,1,1,1,114.4,DHA Islamabad,27672000.0
8,6,2,1,415.8,Bahria Town Rawalpindi,86968000.0
1,2,1,1,132.3,F-10 Islamabad,38634000.0
6,4,1,2,336.0,Gulberg Lahore,92057000.0
3,4,1,1,89.4,Bahria Town Rawalpindi,16454000.0
4,2,1,2,221.7,DHA Islamabad,60013000.0
3,2,1,1,185.3,Gulshan-e-Iqbal Karachi,27691000.0
6,5,2,1,394.8,Hayatabad Peshawar,61202000.0
10,8,2,1,484.9,Bahria Town Rawalpindi,114493000.0
1,1,1,1,90.9,Gulberg Lahore,26967000.0
9,7,2,2,519.2,Johar Town Lahore,129241000.0
9,7,2,1,524.8,Hayatabad Peshawar,78948000.0
4,3,1,1,244.8,Gulshan-e-Iqbal Karachi,36003000.0
8,6,2,1,415.9,Saddar Rawalpindi,73268000.0
6,5,2,2,277.4,Clifton Karachi,99149000.0
1,1,1,1,143.3,DHA Lahore,38513000.0
8,8,2,2,345.5,F-10 Islamabad,143502000.0
1,1,1,1,106.6,Satellite Town Rawalpindi,16557000.0
10,8,2,2,534.4,Saddar Rawalpindi,88630000.0
10,8,2,1,559.1,DHA Islamabad,217910000.0
9,8,1,2,503.7,Gulshan-e-Iqbal Karachi,99367000.0
6,4,2,2,363.8,DHA Islamabad,116650000.0
7,6,2,2,361.1,Saddar Rawalpindi,64617000.0
10,8,2,1,591.7,Satellite Town Rawalpindi,128397000.0
3,1,1,1,193.9,Bahria Town Rawalpindi,32115000.0
2,1,1,1,101.0,DHA Lahore,32101000.0
6,5,2,2,363.4,Bahria Town Rawalpindi,77220000.0
3,2,1,1,237.5,Clifton Karachi,82283000.0
3,3,1,2,234.1,Hayatabad Peshawar,26343000.0
1,2,1,1,63.8,DHA Islamabad,14013000.0
7,6,1,2,382.0,DHA Lahore,154433000.0
4,2,1,1,202.6,Hayatabad Peshawar,25468000.0
3,2,1,1,161.4,Gulberg Lahore,48667000.0
3,2,1,1,81.8,Bahria Town Rawalpindi,13099000.0
2,1,2,1,256.8,Johar Town Lahore,48234000.0
10,8,2,2,534.6,Johar Town Lahore,148864000.0
4,3,1,1,241.8,Gulshan-e-Iqbal Karachi,37507000.0
9,8,2,1,426.7,Gulberg Lahore,166338000.0
9,7,1,2,468.5,Hayatabad Peshawar,68414000.0
4,2,1,1,237.2,Johar Town Lahore,48624000.0
9,8,2,2,503.7,Gulberg Lahore,215870000.0
7,6,2,1,433.6,Hayatabad Peshawar,59883000.0
7,6,2,2,362.0,Hayatabad Peshawar,50550000.0
1,1,1,1,60.5,Johar Town Lahore,11650000.0
2,2,1,1,78.9,DHA Islamabad,18450000.0
10,8,2,1,595.1,Clifton Karachi,238171000.0
8,5,1,1,482.4,Clifton Karachi,162798000.0
10,8,2,2,566.3,Bahria Town Rawalpindi,132703000.0
10,9,2,2,547.2,Clifton Karachi,235425000.0
3,3,1,1,71.0,Satellite Town Rawalpindi,11859000.0
10,7,2,1,487.6,Bahria Town Rawalpindi,116208000.0
7,6,1,1,303.6,Gulshan-e-Iqbal Karachi,47963000.0
8,7,2,2,486.4,Bahria Town Rawalpindi,115883000.0
2,2,1,1,63.6,Saddar Rawalpindi,7575000.0
5,4,1,2,215.6,DHA Lahore,73239000.0
8,6,2,1,465.7,DHA Islamabad,156281000.0
8,7,1,1,488.2,Hayatabad Peshawar,85948000.0
7,6,1,1,394.6,Bahria Town Rawalpindi,81717000.0
5,5,1,1,222.7,Clifton Karachi,62526000.0
3,2,1,2,227.6,Bahria Town Rawalpindi,44379000.0
10,8,1,2,582.1,Hayatabad Peshawar,102752000.0
6,5,2,1,297.2,Saddar Rawalpindi,49039000.0
6,4,1,2,301.4,Saddar Rawalpindi,51060000.0
8,5,1,2,358.3,DHA Lahore,152360000.0
4,3,1,1,281.1,Johar Town Lahore,53837000.0
9,8,1,1,358.4,Clifton Karachi,117931000.0
4,3,1,2,293.5,Saddar Rawalpindi,44238000.0
7,6,1,1,506.4,Satellite Town Rawalpindi,92465000.0
10,8,1,1,550.9,DHA Islamabad,195282000.0
9,8,1,1,563.3,Gulshan-e-Iqbal Karachi,105119000.0
7,5,1,1,364.7,Bahria Town Rawalpindi,78412000.0
5,3,1,1,298.8,Gulberg Lahore,95038000.0
8,6,1,2,440.8,Satellite Town Rawalpindi,84372000.0
8,8,1,2,512.7,F-10 Islamabad,204681000.0
7,5,2,1,364.0,Saddar Rawalpindi,63388000.0
8,7,1,1,438.0,Johar Town Lahore,109696000.0
10,9,1,1,464.9,F-10 Islamabad,232394000.0
8,5,2,1,425.3,Gulberg Lahore,128451000.0
7,6,1,1,462.9,Johar Town Lahore,109496000.0
1,1,1,1,172.7,Saddar Rawalpindi,19935000.0
6,5,1,1,329.1,Clifton Karachi,105569000.0
6,4,1,2,377.7,Hayatabad Peshawar,57008000.0
1,1,1,1,61.3,Satellite Town Rawalpindi,8825000.0
10,8,2,1,522.2,Saddar Rawalpindi,95165000.0
5,4,1,2,389.4,Clifton Karachi,121021000.0
4,3,1,1,129.7,Gulberg Lahore,34786000.0
9,7,2,1,500.8,DHA Lahore,189262000.0
8,7,2,1,447.2,Bahria Town Rawalpindi,107821000.0
8,6,2,1,469.5,DHA Lahore,175260000.0
6,4,1,1,271.7,Hayatabad Peshawar,40840000.0
9,8,1,2,521.3,DHA Lahore,226635000.0
4,3,2,2,283.6,Bahria Town Rawalpindi,57060000.0
7,5,2,2,368.1,Gulshan-e-Iqbal Karachi,70905000.0
1,1,1,1,60.3,Hayatabad Peshawar,6564000.0
6,5,1,1,408.2,Satellite Town Rawalpindi,71795000.0
7,5,2,2,447.8,Gulberg Lahore,164416000.0
7,6,2,1,366.2,DHA Lahore,117840000.0
6,4,1,1,328.1,Johar Town Lahore,78619000.0
10,8,2,2,497.4,F-10 Islamabad,224906000.0
7,4,1,2,427.9,F-10 Islamabad,169845000.0
4,4,1,1,210.2,F-10 Islamabad,75873000.0
10,8,2,2,577.9,Hayatabad Peshawar,98200000.0
7,6,1,2,441.9,Saddar Rawalpindi,65731000.0
10,8,1,2,593.5,Satellite Town Rawalpindi,125956000.0
10,8,2,2,584.5,Saddar Rawalpindi,112384000.0
9,7,1,1,556.2,Hayatabad Peshawar,75781000.0
9,7,1,1,467.9,Bahria Town Rawalpindi,95798000.0
7,5,1,2,389.1,Satellite Town Rawalpindi,76599000.0
3,2,1,1,153.0,DHA Islamabad,42584000.0
6,5,2,1,353.4,Johar Town Lahore,82605000.0
7,5,2,2,473.3,Clifton Karachi,152721000.0
6,6,2,2,341.3,Gulberg Lahore,125425000.0
9,7,2,1,528.8,Bahria Town Rawalpindi,110739000.0
1,1,1,1,119.2,F-10 Islamabad,36430000.0
5,4,1,2,265.7,Satellite Town Rawalpindi,41643000.0
7,6,2,1,333.2,Gulberg Lahore,116227000.0
6,5,2,1,293.5,Gulberg Lahore,91870000.0
2,2,1,1,118.6,Hayatabad Peshawar,14840000.0
2,2,1,1,142.9,Bahria Town Rawalpindi,24780000.0
10,7,2,2,512.3,Hayatabad Peshawar,82336000.0
3,1,1,2,321.6,Hayatabad Peshawar,42156000.0
2,1,1,1,86.3,Clifton Karachi,20983000.0
1,1,1,1,68.9,Bahria Town Rawalpindi,10925000.0
4,3,2,2,315.7,Bahria Town Rawalpindi,57261000.0
2,2,1,1,148.8,Gulberg Lahore,43380000.0
10,8,1,2,440.8,Clifton Karachi,174115000.0
10,9,2,2,489.5,Bahria Town Rawalpindi,131198000.0
4,4,1,1,183.3,Johar Town Lahore,38528000.0
7,6,2,2,379.8,Bahria Town Rawalpindi,65519000.0
1,1,1,1,143.4,Johar Town Lahore,24707000.0
4,3,1,1,223.9,DHA Islamabad,69448000.0
9,8,1,1,539.9,Gulshan-e-Iqbal Karachi,106852000.0
6,5,2,2,353.8,DHA Islamabad,97563000.0
10,8,2,2,538.4,F-10 Islamabad,260220000.0
3,1,1,1,181.6,Bahria Town Rawalpindi,31850000.0
5,5,1,1,238.2,Satellite Town Rawalpindi,39170000.0
4,3,1,1,314.3,DHA Islamabad,86333000.0
6,3,1,2,319.2,DHA Lahore,104057000.0
10,8,2,2,598.7,Clifton Karachi,237950000.0
2,1,1,1,121.8,Johar Town Lahore,22421000.0
10,7,1,1,520.1,Gulshan-e-Iqbal Karachi,97077000.0
8,8,2,2,526.4,Saddar Rawalpindi,93003000.0
7,5,2,1,358.7,DHA Lahore,126089000.0
4,2,1,2,245.8,Satellite Town Rawalpindi,43482000.0
6,5,1,1,340.4,Gulberg Lahore,120004000.0
3,2,1,1,217.9,Hayatabad Peshawar,26447000.0
9,8,1,1,491.5,Johar Town Lahore,126790000.0
5,3,1,2,329.1,Saddar Rawalpindi,51542000.0
10,8,2,1,560.0,Satellite Town Rawalpindi,116161000.0
7,5,1,1,396.3,Saddar Rawalpindi,65911000.0
6,7,2,1,337.7,Satellite Town Rawalpindi,70153000.0
10,8,1,1,444.0,Johar Town Lahore,112411000.0
6,5,1,2,332.1,DHA Islamabad,116045000.0
10,8,2,2,548.4,Johar Town Lahore,162003000.0
3,2,1,1,159.6,Bahria Town Rawalpindi,28156000.0
10,7,1,2,585.6,Satellite Town Rawalpindi,117029000.0
9,7,2,1,498.6,F-10 Islamabad,224954000.0
9,8,1,2,524.8,F-10 Islamabad,233200000.0
5,4,2,2,320.8,F-10 Islamabad,116976000.0
10,7,1,1,512.1,Gulshan-e-Iqbal Karachi,107960000.0
4,2,1,2,225.7,Clifton Karachi,60522000.0
8,7,1,1,471.5,Hayatabad Peshawar,71527000.0
2,1,1,1,135.8,DHA Lahore,38431000.0
7,6,1,1,225.8,Gulberg Lahore,70908000.0
5,5,1,2,300.7,DHA Islamabad,96097000.0
2,1,1,1,234.1,DHA Islamabad,57785000.0
3,3,1,1,269.0,DHA Lahore,91995000.0
10,8,2,2,502.9,Hayatabad Peshawar,84219000.0
5,4,1,1,198.6,Johar Town Lahore,41427000.0
8,6,1,2,462.5,Satellite Town Rawalpindi,83818000.0
3,2,1,1,99.8,Bahria Town Rawalpindi,17353000.0
9,8,2,2,473.5,Bahria Town Rawalpindi,112238000.0
9,8,2,1,487.7,Satellite Town Rawalpindi,105425000.0
5,4,1,1,276.9,Bahria Town Rawalpindi,53445000.0
8,6,1,1,450.1,DHA Islamabad,170422000.0
10,9,2,1,554.2,DHA Lahore,244475000.0
9,8,1,1,492.4,Hayatabad Peshawar,74256000.0
4,3,2,2,270.8,Gulshan-e-Iqbal Karachi,41901000.0
6,4,1,2,321.5,Bahria Town Rawalpindi,66902000.0
10,9,2,2,480.9,Satellite Town Rawalpindi,96795000.0
4,3,1,2,218.0,Satellite Town Rawalpindi,37298000.0
10,8,1,2,494.1,Saddar Rawalpindi,95563000.0
5,4,1,2,237.2,Satellite Town Rawalpindi,43544000.0
9,7,1,2,495.2,F-10 Islamabad,206436000.0
2,2,1,1,106.9,Hayatabad Peshawar,13515000.0
2,2,1,1,84.0,Gulberg Lahore,23803000.0
10,9,2,2,598.7,Saddar Rawalpindi,107688000.0
10,8,2,2,529.5,Clifton Karachi,200748000.0
9,8,1,2,536.7,Saddar Rawalpindi,98747000.0
10,8,2,2,573.7,Clifton Karachi,209593000.0
5,4,2,1,296.7,Gulshan-e-Iqbal Karachi,52261000.0
4,4,1,1,214.9,Clifton Karachi,70281000.0
5,5,1,1,130.2,Saddar Rawalpindi,20871000.0
4,4,2,1,330.7,Saddar Rawalpindi,48419000.0
4,4,1,1,178.8,Bahria Town Rawalpindi,33989000.0
9,9,2,2,565.2,Satellite Town Rawalpindi,115445000.0
1,1,1,1,62.2,Johar Town Lahore,10649000.0
5,4,1,1,137.3,Gulberg Lahore,38775000.0
3,2,1,1,193.1,Johar Town Lahore,38080000.0
2,1,1,1,167.4,Hayatabad Peshawar,20315000.0
3,1,1,1,181.9,Satellite Town Rawalpindi,27017000.0
7,7,2,2,414.3,Satellite Town Rawalpindi,76112000.0
5,3,1,1,236.9,Johar Town Lahore,49958000.0
7,6,1,2,392.1,Saddar Rawalpindi,70261000.0
10,7,2,1,540.7,DHA Lahore,237076000.0
6,5,1,2,385.4,Gulshan-e-Iqbal Karachi,69514000.0
6,4,2,2,435.0,Gulshan-e-Iqbal Karachi,89532000.0
4,2,2,2,257.4,F-10 Islamabad,110065000.0
1,1,1,1,146.3,F-10 Islamabad,43611000.0
6,4,1,2,233.1,DHA Islamabad,70289000.0
9,7,1,1,580.7,Bahria Town Rawalpindi,137154000.0
6,5,2,2,395.8,DHA Lahore,136153000.0
4,4,1,1,209.9,Johar Town Lahore,46467000.0
5,3,1,2,303.5,Bahria Town Rawalpindi,58456000.0
8,6,1,1,511.2,DHA Lahore,199825000.0
10,8,1,1,421.0,Clifton Karachi,150532000.0
6,5,1,2,362.8,F-10 Islamabad,136295000.0
10,9,1,1,538.0,Gulberg Lahore,182230000.0
7,5,2,1,423.1,DHA Lahore,173058000.0
8,6,2,2,407.1,Johar Town Lahore,107998000.0
3,3,1,1,162.5,DHA Lahore,53337000.0
1,2,1,1,117.4,Saddar Rawalpindi,15015000.0
10,7,1,2,581.2,Gulberg Lahore,187663000.0
7,5,1,2,383.4,DHA Lahore,134575000.0
6,5,1,1,284.5,DHA Lahore,99316000.0
6,4,2,1,378.1,F-10 Islamabad,136077000.0
4,3,1,1,93.4,Gulshan-e-Iqbal Karachi,13272000.0
8,7,1,2,503.9,F-10 Islamabad,203727000.0
3,3,1,1,177.0,Gulberg Lahore,51965000.0
8,5,1,1,494.5,Saddar Rawalpindi,80304000.0
5,5,2,1,348.6,Hayatabad Peshawar,52270000.0
3,2,1,2,209.3,Gulshan-e-Iqbal Karachi,37375000.0
1,1,1,1,76.3,Hayatabad Peshawar,8973000.0
9,8,1,1,500.6,Satellite Town Rawalpindi,100116000.0
2,2,1,1,155.3,Johar Town Lahore,32891000.0
2,1,1,1,88.0,Saddar Rawalpindi,9814000.0
8,7,1,1,468.2,Gulberg Lahore,145057000.0
4,3,1,1,249.0,Johar Town Lahore,47706000.0
5,4,1,1,270.2,Johar Town Lahore,61319000.0
5,4,1,1,193.4,Hayatabad Peshawar,26537000.0
10,9,2,2,524.0,Satellite Town Rawalpindi,104598000.0
4,2,1,2,220.6,Johar Town Lahore,42557000.0
2,1,1,1,173.5,Gulshan-e-Iqbal Karachi,22932000.0
3,1,1,1,227.0,F-10 Islamabad,68056000.0
2,2,1,1,169.7,Saddar Rawalpindi,24212000.0
6,4,1,2,231.5,Clifton Karachi,73026000.0
2,1,1,1,104.8,Johar Town Lahore,21592000.0
2,1,1,1,145.6,Saddar Rawalpindi,17128000.0
5,5,2,1,285.2,Clifton Karachi,93593000.0
9,7,2,1,534.9,DHA Islamabad,190032000.0
1,1,1,1,90.9,Gulberg Lahore,25273000.0
4,3,1,1,174.8,Bahria Town Rawalpindi,32522000.0
10,9,1,1,550.5,Saddar Rawalpindi,107484000.0
10,8,2,1,540.6,DHA Islamabad,204415000.0
9,7,1,2,426.9,F-10 Islamabad,175007000.0
5,5,1,1,189.9,Clifton Karachi,62243000.0
6,5,1,2,286.7,Gulshan-e-Iqbal Karachi,51447000.0
3,3,1,1,174.1,Johar Town Lahore,32680000.0
3,2,1,1,129.4,Satellite Town Rawalpindi,20766000.0
4,4,1,2,265.2,Hayatabad Peshawar,37942000.0
8,5,2,2,370.9,Bahria Town Rawalpindi,78290000.0
5,4,1,2,254.4,Hayatabad Peshawar,34241000.0
7,7,1,1,389.8,Clifton Karachi,120223000.0
4,4,1,1,220.0,Clifton Karachi,57080000.0
6,5,1,1,246.8,Bahria Town Rawalpindi,48867000.0
7,4,1,1,487.0,Clifton Karachi,165136000.0
10,7,1,1,534.3,Gulshan-e-Iqbal Karachi,104237000.0
4,3,1,2,233.9,Clifton Karachi,76064000.0
5,4,2,1,368.6,DHA Islamabad,108635000.0
3,2,1,2,210.2,Johar Town Lahore,40953000.0
1,1,1,1,88.8,Hayatabad Peshawar,9762000.0
9,8,1,1,458.4,Gulshan-e-Iqbal Karachi,99213000.0
2,2,1,1,152.3,Bahria Town Rawalpindi,23918000.0
5,4,2,2,289.9,Hayatabad Peshawar,40332000.0
7,5,2,1,323.0,Hayatabad Peshawar,46035000.0
2,1,1,1,159.6,Bahria Town Rawalpindi,25155000.0
2,1,1,1,111.1,Saddar Rawalpindi,13967000.0
3,1,1,1,247.9,DHA Lahore,73419000.0
10,8,2,1,574.2,Clifton Karachi,233040000.0
10,8,2,2,392.2,DHA Lahore,166940000.0
6,4,1,2,266.0,Saddar Rawalpindi,42384000.0
1,1,1,1,81.0,Hayatabad Peshawar,9199000.0
6,6,1,1,384.1,Saddar Rawalpindi,66364000.0
2,3,1,1,109.8,Hayatabad Peshawar,13093000.0
7,6,1,2,353.0,Hayatabad Peshawar,52250000.0
8,6,2,1,466.1,DHA Islamabad,164466000.0
6,5,2,1,288.7,F-10 Islamabad,112276000.0
3,3,1,2,221.7,Gulshan-e-Iqbal Karachi,36649000.0
1,1,1,1,85.6,Clifton Karachi,25143000.0
2,3,1,1,73.4,DHA Islamabad,18038000.0
4,3,1,2,292.2,Bahria Town Rawalpindi,60228000.0
10,8,1,1,537.0,Johar Town Lahore,135952000.0
3,2,1,1,191.8,Clifton Karachi,57766000.0
5,4,2,2,370.0,Bahria Town Rawalpindi,77125000.0
8,6,2,2,429.5,Bahria Town Rawalpindi,99675000.0
1,1,1,1,92.8,Bahria Town Rawalpindi,14602000.0
3,3,1,1,142.7,Clifton Karachi,39550000.0
4,3,1,1,238.9,DHA Islamabad,63395000.0
10,8,1,1,421.9,Clifton Karachi,157250000.0
6,5,2,1,297.1,Johar Town Lahore,67141000.0
7,6,2,1,456.5,Johar Town Lahore,110739000.0
8,7,1,2,528.5,Gulshan-e-Iqbal Karachi,93953000.0
8,7,1,2,469.5,Johar Town Lahore,117496000.0
10,8,1,1,595.8,Saddar Rawalpindi,116336000.0
10,9,1,2,467.4,Saddar Rawalpindi,92299000.0
9,8,2,1,520.2,Hayatabad Peshawar,85655000.0
10,9,1,2,509.5,Saddar Rawalpindi,111310000.0
8,7,1,1,454.3,Johar Town Lahore,107273000.0
9,7,1,2,493.0,Johar Town Lahore,125215000.0
10,7,1,1,564.7,F-10 Islamabad,226879000.0
7,5,2,1,316.6,Clifton Karachi,102591000.0
8,6,2,2,404.7,Bahria Town Rawalpindi,101400000.0
5,4,2,1,338.1,Hayatabad Peshawar,45460000.0
10,8,1,2,519.6,Satellite Town Rawalpindi,97439000.0
5,5,1,1,292.9,Bahria Town Rawalpindi,61028000.0
9,6,1,1,502.7,Saddar Rawalpindi,87263000.0
6,4,2,2,491.7,Bahria Town Rawalpindi,106129000.0
10,8,1,2,579.4,Gulshan-e-Iqbal Karachi,119148000.0
4,3,1,1,194.4,DHA Islamabad,50509000.0
8,6,2,2,443.2,Johar Town Lahore,108893000.0
8,6,2,1,468.7,Gulshan-e-Iqbal Karachi,94223000.0
10,7,2,1,565.6,Saddar Rawalpindi,100587000.0
10,8,1,2,549.7,DHA Lahore,237156000.0
7,5,2,2,369.7,Hayatabad Peshawar,53585000.0
7,5,1,1,372.7,Saddar Rawalpindi,60627000.0
3,2,1,1,150.3,F-10 Islamabad,50593000.0
10,9,2,1,586.5,Gulshan-e-Iqbal Karachi,119166000.0
4,4,1,1,197.7,Saddar Rawalpindi,28549000.0
8,7,2,1,451.4,Gulberg Lahore,161691000.0
9,7,2,1,489.7,Saddar Rawalpindi,89328000.0
4,3,1,2,298.3,Satellite Town Rawalpindi,51983000.0
3,3,1,1,174.0,Saddar Rawalpindi,24474000.0
1,1,1,1,162.0,Saddar Rawalpindi,17442000.0
8,7,1,2,522.5,Clifton Karachi,172988000.0
4,2,1,2,335.8,F-10 Islamabad,113290000.0
2,1,1,1,108.7,Saddar Rawalpindi,12873000.0
10,8,1,2,447.2,DHA Lahore,180683000.0
3,2,1,1,195.1,Johar Town Lahore,40258000.0
10,7,1,2,533.3,Gulberg Lahore,215343000.0
6,4,1,2,227.2,Gulberg Lahore,72830000.0
3,3,1,1,168.1,Bahria Town Rawalpindi,31109000.0
1,1,1,1,105.8,Hayatabad Peshawar,12147000.0
5,3,1,1,336.2,Bahria Town Rawalpindi,63015000.0
6,5,1,2,303.4,DHA Islamabad,102695000.0
8,7,2,1,465.7,Hayatabad Peshawar,70087000.0
5,4,2,2,310.9,Clifton Karachi,98571000.0
5,3,1,1,245.7,DHA Lahore,75446000.0
5,4,1,1,201.3,Saddar Rawalpindi,27494000.0
2,2,1,2,210.2,DHA Lahore,57624000.0
9,6,2,1,561.0,Bahria Town Rawalpindi,117209000.0
2,1,1,1,149.1,Saddar Rawalpindi,18819000.0
10,8,1,2,593.6,Bahria Town Rawalpindi,138289000.0
5,4,1,2,236.5,Clifton Karachi,72057000.0
5,4,1,1,107.7,Hayatabad Peshawar,14302000.0
3,3,1,1,194.3,Hayatabad Peshawar,27388000.0
1,2,1,1,91.5,Gulberg Lahore,22648000.0
9,7,2,2,486.6,Saddar Rawalpindi,78830000.0
5,4,1,2,336.8,Clifton Karachi,98381000.0
4,3,1,1,242.0,Johar Town Lahore,49174000.0
7,6,1,2,417.5,Bahria Town Rawalpindi,92652000.0
5,3,2,2,400.5,DHA Lahore,143546000.0
10,7,2,1,567.5,Gulshan-e-Iqbal Karachi,124793000.0
10,7,1,1,579.1,Hayatabad Peshawar,93445000.0
9,7,1,2,427.6,DHA Islamabad,145373000.0
9,7,2,2,501.6,Gulshan-e-Iqbal Karachi,114451000.0
8,5,2,1,487.9,Satellite Town Rawalpindi,74537000.0
6,5,2,2,325.3,Hayatabad Peshawar,48030000.0
6,4,1,1,440.4,DHA Lahore,157875000.0
1,1,1,1,102.3,Bahria Town Rawalpindi,18386000.0
9,7,2,2,469.3,F-10 Islamabad,186836000.0
10,7,2,2,579.4,Satellite Town Rawalpindi,117672000.0
3,3,1,1,105.9,Satellite Town Rawalpindi,15020000.0
7,5,1,2,511.5,Gulshan-e-Iqbal Karachi,82828000.0
10,9,2,1,563.8,Bahria Town Rawalpindi,134627000.0
3,2,1,1,182.1,Bahria Town Rawalpindi,33425000.0
7,5,2,2,343.4,Johar Town Lahore,88796000.0
10,9,1,1,561.0,Clifton Karachi,204908000.0
10,7,1,2,578.5,DHA Islamabad,216471000.0
4,4,1,1,129.1,Gulshan-e-Iqbal Karachi,21000000.0
4,4,1,1,248.5,Johar Town Lahore,53952000.0
9,8,2,1,437.0,DHA Islamabad,168238000.0
2,1,1,1,179.6,Bahria Town Rawalpindi,29070000.0
3,3,1,2,235.4,DHA Lahore,80872000.0
2,1,1,1,72.6,Gulshan-e-Iqbal Karachi,9613000.0
1,1,1,1,142.9,Satellite Town Rawalpindi,20963000.0
7,5,1,2,363.7,DHA Lahore,144484000.0
8,6,1,2,412.7,Gulberg Lahore,158762000.0
9,7,1,1,410.4,Hayatabad Peshawar,59843000.0
9,8,1,2,480.3,Johar Town Lahore,123225000.0
5,3,1,2,284.3,Gulberg Lahore,91433000.0
4,3,1,1,207.7,DHA Lahore,69056000.0
1,1,1,1,68.4,DHA Islamabad,16766000.0
2,2,1,1,171.6,Gulberg Lahore,52320000.0
5,3,1,1,228.7,Johar Town Lahore,43659000.0
3,2,1,1,156.2,Hayatabad Peshawar,18801000.0
1,1,1,1,70.9,Saddar Rawalpindi,7597000.0
3,3,1,1,145.0,Saddar Rawalpindi,20558000.0
9,8,2,2,419.7,Johar Town Lahore,115144000.0
7,6,2,1,400.0,Bahria Town Rawalpindi,105757000.0
10,8,1,1,565.3,DHA Lahore,250835000.0
7,5,2,2,491.0,Hayatabad Peshawar,75661000.0
7,6,2,2,366.6,DHA Islamabad,124177000.0
3,2,1,1,134.3,Satellite Town Rawalpindi,20090000.0
7,6,1,2,364.6,Gulshan-e-Iqbal Karachi,69539000.0
2,2,1,1,93.3,Gulberg Lahore,26352000.0
6,4,1,2,292.7,Saddar Rawalpindi,38722000.0
6,4,2,1,270.7,Satellite Town Rawalpindi,48581000.0
6,4,2,1,291.0,DHA Islamabad,89916000.0
5,3,1,1,211.1,Bahria Town Rawalpindi,44525000.0
9,7,1,2,430.3,Gulshan-e-Iqbal Karachi,86023000.0
9,8,1,2,514.1,Hayatabad Peshawar,79990000.0
7,5,2,1,475.0,DHA Islamabad,155389000.0
8,7,2,1,399.0,Gulshan-e-Iqbal Karachi,79110000.0
7,5,2,2,350.7,Bahria Town Rawalpindi,74139000.0
3,4,1,1,76.8,Gulshan-e-Iqbal Karachi,11221000.0
9,7,2,2,450.4,Clifton Karachi,164176000.0
8,6,2,2,354.3,DHA Islamabad,115779000.0
4,3,1,1,206.2,Gulshan-e-Iqbal Karachi,32746000.0
5,4,1,1,237.0,Satellite Town Rawalpindi,42237000.0
9,8,2,2,565.2,Satellite Town Rawalpindi,112286000.0
8,7,1,2,397.2,DHA Islamabad,133685000.0
5,5,2,1,317.0,F-10 Islamabad,127570000.0
7,5,2,2,395.3,F-10 Islamabad,160625000.0
5,4,2,1,283.4,DHA Lahore,115639000.0
6,4,1,2,313.9,Bahria Town Rawalpindi,64065000.0
4,2,1,2,216.8,Satellite Town Rawalpindi,31767000.0
6,5,1,2,297.5,Saddar Rawalpindi,43868000.0
5,4,1,1,430.2,Saddar Rawalpindi,59041000.0
2,2,1,1,81.6,F-10 Islamabad,25109000.0
10,9,1,2,489.3,DHA Islamabad,188106000.0
6,5,1,2,212.8,Hayatabad Peshawar,28389000.0
9,8,1,1,428.6,Gulberg Lahore,158248000.0
9,6,2,1,407.1,Gulshan-e-Iqbal Karachi,87048000.0
8,7,1,2,412.4,Hayatabad Peshawar,62712000.0
7,7,2,2,388.4,DHA Islamabad,137975000.0
10,8,1,2,577.9,DHA Islamabad,185579000.0
6,4,1,1,334.5,DHA Islamabad,98270000.0
7,5,2,1,455.5,Bahria Town Rawalpindi,89692000.0
8,6,1,1,440.9,DHA Islamabad,148655000.0
2,3,1,1,187.6,Satellite Town Rawalpindi,26491000.0
4,3,1,1,213.0,Clifton Karachi,70775000.0
5,4,1,1,289.0,Hayatabad Peshawar,34688000.0
3,2,1,1,210.0,Saddar Rawalpindi,30054000.0
4,2,1,2,258.0,Hayatabad Peshawar,35169000.0
5,5,1,1,271.1,F-10 Islamabad,105578000.0
8,6,1,2,386.1,Gulberg Lahore,139986000.0
2,3,1,1,178.7,Satellite Town Rawalpindi,30747000.0
8,7,1,2,494.3,F-10 Islamabad,251612000.0
6,5,2,2,296.3,DHA Islamabad,92993000.0
7,5,2,2,441.4,Gulshan-e-Iqbal Karachi,84006000.0
2,1,1,1,104.0,Saddar Rawalpindi,12540000.0
7,5,2,1,313.8,Hayatabad Peshawar,42696000.0
3,1,1,1,75.2,Hayatabad Peshawar,9275000.0
8,7,2,1,425.0,Bahria Town Rawalpindi,96667000.0
5,4,1,2,245.6,Saddar Rawalpindi,32579000.0
10,9,1,1,572.6,Satellite Town Rawalpindi,124527000.0
2,2,1,2,235.0,Gulshan-e-Iqbal Karachi,36312000.0
6,5,2,2,364.5,Satellite Town Rawalpindi,64150000.0
4,2,1,1,199.0,Satellite Town Rawalpindi,29879000.0
7,6,1,2,394.9,DHA Lahore,153685000.0
7,5,1,2,312.2,DHA Islamabad,111538000.0
5,5,2,2,260.1,Johar Town Lahore,60712000.0
3,2,1,1,170.0,F-10 Islamabad,60346000.0
2,2,1,1,120.2,Bahria Town Rawalpindi,19055000.0
2,3,1,1,124.7,Bahria Town Rawalpindi,20899000.0
10,8,2,1,599.5,Gulshan-e-Iqbal Karachi,131249000.0
5,5,1,2,282.6,Johar Town Lahore,57101000.0
1,1,1,1,61.0,Johar Town Lahore,11001000.0
10,9,1,1,574.6,Saddar Rawalpindi,108572000.0
2,2,1,1,70.8,Clifton Karachi,18871000.0
6,5,1,2,286.0,Clifton Karachi,95142000.0
7,6,2,2,447.4,DHA Islamabad,149510000.0
8,6,2,1,553.9,Satellite Town Rawalpindi,102509000.0
8,6,1,2,445.0,DHA Lahore,157998000.0
9,8,1,2,310.4,Bahria Town Rawalpindi,71825000.0
10,7,1,2,586.2,Saddar Rawalpindi,114351000.0
1,1,1,1,81.2,Saddar Rawalpindi,10582000.0
10,8,2,2,592.9,DHA Islamabad,213615000.0
10,9,1,2,518.7,F-10 Islamabad,237655000.0
9,7,2,1,561.6,DHA Islamabad,190354000.0
5,3,1,1,197.6,F-10 Islamabad,69830000.0
2,2,1,1,136.9,Bahria Town Rawalpindi,23509000.0
8,6,1,1,418.2,Gulshan-e-Iqbal Karachi,85562000.0
6,4,1,1,338.6,Johar Town Lahore,86439000.0
7,7,2,2,342.5,Hayatabad Peshawar,50521000.0
9,7,2,2,559.3,Saddar Rawalpindi,103771000.0
5,3,2,1,394.8,Clifton Karachi,124487000.0
4,3,1,2,228.0,Johar Town Lahore,46335000.0
3,3,2,2,276.0,DHA Islamabad,72277000.0
2,1,1,1,132.1,DHA Islamabad,33780000.0
4,4,1,1,163.8,Clifton Karachi,55885000.0
3,2,1,1,137.4,DHA Islamabad,37127000.0
10,8,2,1,497.6,DHA Islamabad,171131000.0
9,7,2,1,440.6,F-10 Islamabad,193421000.0
9,9,2,1,346.4,Satellite Town Rawalpindi,66696000.0
4,3,2,2,262.2,Johar Town Lahore,55610000.0
8,6,1,1,421.0,Gulshan-e-Iqbal Karachi,84035000.0
9,7,2,1,499.0,DHA Lahore,191573000.0
10,8,2,2,535.9,Bahria Town Rawalpindi,99878000.0
6,5,2,1,355.4,DHA Lahore,130963000.0
10,8,1,2,502.7,Bahria Town Rawalpindi,115451000.0
6,5,1,1,336.1,Saddar Rawalpindi,49056000.0
7,5,2,1,316.2,F-10 Islamabad,122036000.0
10,8,2,2,527.3,DHA Lahore,230938000.0
5,4,2,1,268.6,Hayatabad Peshawar,36014000.0
6,4,1,1,273.8,Clifton Karachi,91337000.0
4,4,1,2,224.7,Johar Town Lahore,50993000.0
7,6,2,1,340.1,Johar Town Lahore,79877000.0
6,5,1,1,354.2,Saddar Rawalpindi,52578000.0
7,6,1,2,416.6,F-10 Islamabad,174791000.0
5,3,1,1,292.5,Gulshan-e-Iqbal Karachi,47984000.0
2,1,1,1,177.6,Satellite Town Rawalpindi,22558000.0
10,9,2,2,528.1,Clifton Karachi,233642000.0
3,4,1,1,246.8,DHA Lahore,83198000.0
10,9,1,1,558.4,Bahria Town Rawalpindi,129044000.0
4,3,1,1,172.0,F-10 Islamabad,52823000.0
7,6,2,2,362.4,Hayatabad Peshawar,54966000.0
5,5,1,2,349.8,Johar Town Lahore,74873000.0
9,8,1,1,507.5,Gulberg Lahore,191010000.0
3,3,1,1,135.0,DHA Lahore,35906000.0
10,9,1,2,551.4,Clifton Karachi,205125000.0
8,7,1,2,347.0,Johar Town Lahore,84195000.0
6,5,2,1,376.5,Gulshan-e-Iqbal Karachi,67136000.0
4,3,1,1,335.5,F-10 Islamabad,117047000.0
2,1,1,1,79.5,Gulshan-e-Iqbal Karachi,11543000.0
5,4,2,1,328.4,DHA Lahore,125373000.0
2,1,1,1,202.3,Hayatabad Peshawar,22584000.0
4,2,1,1,245.1,Bahria Town Rawalpindi,40952000.0
9,7,1,2,410.5,Bahria Town Rawalpindi,82515000.0
5,4,1,1,328.8,Johar Town Lahore,68059000.0
4,3,1,1,110.3,Johar Town Lahore,20326000.0
1,1,1,1,99.4,Gulshan-e-Iqbal Karachi,14884000.0
3,3,1,1,160.3,DHA Lahore,49902000.0
2,1,1,1,163.1,Hayatabad Peshawar,20126000.0
7,5,2,2,388.5,Johar Town Lahore,102138000.0
3,3,1,1,156.0,Bahria Town Rawalpindi,26039000.0
8,6,1,1,536.1,Bahria Town Rawalpindi,112936000.0
6,4,1,1,173.3,Hayatabad Peshawar,26368000.0
1,1,1,1,109.2,Bahria Town Rawalpindi,17589000.0
9,7,2,2,532.9,Hayatabad Peshawar,90476000.0
5,4,1,1,219.5,Gulberg Lahore,74464000.0
7,5,1,1,289.7,Bahria Town Rawalpindi,63599000.0
10,8,1,2,577.9,Gulberg Lahore,233034000.0
9,8,2,2,570.0,Clifton Karachi,234814000.0
8,7,1,1,446.1,DHA Lahore,172464000.0
1,2,1,1,97.2,Saddar Rawalpindi,12575000.0
8,7,1,1,380.4,Clifton Karachi,131362000.0
9,9,2,1,594.1,DHA Lahore,266394000.0
10,8,1,2,571.3,Clifton Karachi,205371000.0
2,2,1,1,117.2,Hayatabad Peshawar,12288000.0
5,4,2,2,273.8,DHA Lahore,100518000.0
4,4,1,1,230.4,Bahria Town Rawalpindi,40006000.0
4,3,1,1,130.1,DHA Lahore,38656000.0
9,6,2,1,435.2,Satellite Town Rawalpindi,93798000.0
4,4,1,2,207.9,F-10 Islamabad,82029000.0
3,2,1,2,246.2,Hayatabad Peshawar,29992000.0
4,4,1,1,108.8,Clifton Karachi,25423000.0
5,3,2,2,328.9,Clifton Karachi,105476000.0
4,4,1,1,145.4,Gulberg Lahore,46863000.0
7,6,2,2,293.3,Hayatabad Peshawar,46685000.0
3,3,1,1,137.4,DHA Islamabad,38563000.0
10,9,1,1,575.1,Gulberg Lahore,223363000.0
1,1,1,1,138.3,DHA Lahore,37676000.0
6,6,2,1,341.8,Johar Town Lahore,73698000.0
4,4,1,1,166.4,Johar Town Lahore,33074000.0
3,2,1,1,101.2,Bahria Town Rawalpindi,17949000.0
2,2,1,1,169.2,F-10 Islamabad,56601000.0
1,1,1,1,89.6,Bahria Town Rawalpindi,15026000.0
1,1,1,1,135.3,Clifton Karachi,30788000.0
6,4,2,1,326.5,Gulberg Lahore,95341000.0
6,5,2,1,412.0,Clifton Karachi,130475000.0
3,1,1,1,107.2,Clifton Karachi,26734000.0
7,4,2,2,298.2,Gulshan-e-Iqbal Karachi,55725000.0
6,5,2,2,373.9,Clifton Karachi,112320000.0
4,3,1,1,186.5,Gulshan-e-Iqbal Karachi,32554000.0
5,3,1,2,260.9,Clifton Karachi,74694000.0
2,1,1,1,98.8,Gulshan-e-Iqbal Karachi,15894000.0
2,1,1,1,178.9,Clifton Karachi,48315000.0
6,5,2,2,312.0,Gulberg Lahore,99126000.0
9,7,2,1,594.8,F-10 Islamabad,302733000.0
9,7,2,2,598.0,Saddar Rawalpindi,108084000.0
10,9,1,1,589.0,Gulberg Lahore,234405000.0
5,4,1,2,288.5,Clifton Karachi,89160000.0
2,2,1,1,103.6,F-10 Islamabad,34940000.0
4,4,1,2,234.7,DHA Lahore,81770000.0
5,3,1,1,188.4,Johar Town Lahore,37153000.0
1,1,1,1,67.6,Clifton Karachi,16818000.0
2,2,1,1,111.4,Johar Town Lahore,21129000.0
6,4,2,2,304.7,Gulberg Lahore,106564000.0
5,3,1,1,243.4,Hayatabad Peshawar,33632000.0
3,3,1,1,157.4,Johar Town Lahore,31610000.0
9,6,1,2,446.7,Saddar Rawalpindi,73700000.0
5,3,1,1,252.8,Saddar Rawalpindi,34791000.0
8,6,1,2,520.0,Clifton Karachi,166013000.0
2,2,1,1,190.1,Satellite Town Rawalpindi,29405000.0
6,5,2,1,350.7,Bahria Town Rawalpindi,68750000.0
3,3,1,1,159.4,Hayatabad Peshawar,19725000.0
7,5,1,1,327.5,Satellite Town Rawalpindi,60673000.0
3,2,1,1,142.3,Johar Town Lahore,27592000.0
3,3,1,1,147.3,Saddar Rawalpindi,19996000.0
6,4,1,1,390.6,Johar Town Lahore,80635000.0
4,3,1,1,202.4,F-10 Islamabad,73169000.0
1,1,1,1,153.1,Saddar Rawalpindi,18199000.0
10,8,2,2,562.1,F-10 Islamabad,261795000.0
1,2,1,1,83.2,Gulberg Lahore,24183000.0
7,5,2,1,365.2,Johar Town Lahore,88721000.0
5,5,1,2,356.1,Satellite Town Rawalpindi,60249000.0
3,2,1,1,195.3,DHA Lahore,59148000.0
6,4,1,1,304.5,Johar Town Lahore,74625000.0
2,1,1,1,107.4,DHA Islamabad,26362000.0
7,5,2,1,449.5,Bahria Town Rawalpindi,94633000.0
3,2,1,1,179.7,DHA Islamabad,49877000.0
1,1,1,1,164.4,DHA Islamabad,40575000.0
2,3,1,2,230.0,Satellite Town Rawalpindi,34781000.0
10,7,2,2,547.3,Satellite Town Rawalpindi,108559000.0
9,7,2,2,490.1,Satellite Town Rawalpindi,100275000.0
10,7,1,1,571.3,DHA Islamabad,210548000.0
8,6,2,1,412.1,DHA Islamabad,150984000.0
8,6,2,2,418.0,Gulberg Lahore,137588000.0
6,5,1,2,319.2,Clifton Karachi,116673000.0
9,6,2,1,548.8,Gulberg Lahore,198742000.0
6,5,1,1,335.9,Johar Town Lahore,80518000.0
3,2,2,2,251.7,Bahria Town Rawalpindi,43020000.0
7,6,2,2,405.8,Saddar Rawalpindi,59911000.0
7,6,2,1,354.9,Gulberg Lahore,113706000.0
2,2,1,1,127.0,DHA Islamabad,31925000.0
8,7,1,1,272.1,Saddar Rawalpindi,47484000.0
3,2,1,1,229.2,Satellite Town Rawalpindi,35144000.0
9,7,2,1,517.3,DHA Islamabad,177728000.0
3,3,2,1,264.6,DHA Lahore,91147000.0
9,8,1,1,503.6,Satellite Town Rawalpindi,102001000.0
5,4,1,2,298.9,Gulshan-e-Iqbal Karachi,52568000.0
9,7,2,2,466.9,Satellite Town Rawalpindi,116414000.0
2,1,1,1,133.1,DHA Lahore,38497000.0
10,7,1,2,559.3,DHA Lahore,219478000.0
5,4,1,2,319.5,Gulshan-e-Iqbal Karachi,56970000.0
2,2,1,1,200.3,Bahria Town Rawalpindi,35441000.0
3,2,1,1,190.4,F-10 Islamabad,65440000.0
3,3,1,2,203.1,Clifton Karachi,59055000.0
5,4,1,1,258.0,Gulshan-e-Iqbal Karachi,48274000.0
9,7,1,1,447.5,Bahria Town Rawalpindi,110366000.0
10,7,2,2,572.8,Johar Town Lahore,150572000.0
7,7,1,2,421.3,DHA Lahore,155088000.0
5,5,2,1,355.5,Johar Town Lahore,81743000.0
6,6,1,1,302.2,Hayatabad Peshawar,41891000.0
9,9,2,1,507.2,DHA Islamabad,195370000.0
10,7,1,1,518.8,Hayatabad Peshawar,86863000.0
5,3,1,1,218.2,DHA Lahore,85868000.0
10,6,1,1,574.8,Saddar Rawalpindi,109641000.0
4,4,2,1,273.4,DHA Lahore,84914000.0
9,8,2,1,492.0,Gulberg Lahore,181893000.0
10,8,1,1,582.1,Saddar Rawalpindi,90435000.0
8,6,1,2,440.0,Gulshan-e-Iqbal Karachi,72395000.0
2,2,1,1,147.2,Bahria Town Rawalpindi,24977000.0
7,6,1,1,376.5,Gulshan-e-Iqbal Karachi,64186000.0
3,3,1,1,124.1,Saddar Rawalpindi,18802000.0
8,7,2,1,486.1,DHA Lahore,207326000.0
2,2,1,2,211.9,Hayatabad Peshawar,25195000.0
8,6,2,2,435.4,Gulshan-e-Iqbal Karachi,83593000.0
9,8,1,1,551.4,Gulberg Lahore,230121000.0
3,3,1,1,157.7,DHA Islamabad,48003000.0
5,3,2,1,272.1,Gulshan-e-Iqbal Karachi,42926000.0
6,6,1,1,409.4,F-10 Islamabad,151346000.0
5,5,1,1,286.6,Saddar Rawalpindi,42128000.0
3,3,1,1,154.4,Johar Town Lahore,31582000.0
2,2,1,1,75.7,Johar Town Lahore,13727000.0
5,5,2,1,279.6,Bahria Town Rawalpindi,57610000.0
5,3,2,1,410.6,Gulshan-e-Iqbal Karachi,78743000.0
8,7,2,2,370.0,Bahria Town Rawalpindi,75697000.0
3,2,1,1,144.4,DHA Lahore,42799000.0
4,4,2,2,303.4,Satellite Town Rawalpindi,46840000.0
4,3,2,2,259.5,Hayatabad Peshawar,32690000.0
4,2,1,1,208.1,Hayatabad Peshawar,25676000.0
9,7,2,2,453.8,Hayatabad Peshawar,70550000.0
4,4,1,1,227.2,Clifton Karachi,69938000.0
7,5,1,2,351.7,F-10 Islamabad,144840000.0
8,6,2,1,558.5,Satellite Town Rawalpindi,110340000.0
5,4,1,1,351.2,Saddar Rawalpindi,50485000.0
5,4,2,2,393.2,Hayatabad Peshawar,54375000.0
1,2,1,1,99.6,Gulshan-e-Iqbal Karachi,13984000.0
4,2,1,1,156.2,Bahria Town Rawalpindi,27395000.0
4,5,1,1,114.5,Johar Town Lahore,25195000.0
9,7,2,2,473.0,DHA Lahore,167613000.0
9,8,1,1,511.4,Satellite Town Rawalpindi,105645000.0
3,2,1,1,160.7,DHA Lahore,46180000.0
4,3,1,1,178.4,Gulberg Lahore,52427000.0
3,3,1,2,234.5,DHA Islamabad,57843000.0
6,4,2,1,379.2,Satellite Town Rawalpindi,65430000.0
9,7,1,1,395.8,Saddar Rawalpindi,69497000.0
7,6,2,2,430.8,DHA Islamabad,147974000.0
9,6,1,2,548.8,DHA Lahore,199279000.0
4,4,1,1,219.3,Johar Town Lahore,47150000.0
8,6,1,1,415.7,Johar Town Lahore,108319000.0
6,4,2,1,362.3,Hayatabad Peshawar,49522000.0
4,5,1,2,225.2,Bahria Town Rawalpindi,43829000.0
10,7,2,2,550.0,Gulberg Lahore,183724000.0
4,2,1,1,111.6,Bahria Town Rawalpindi,18663000.0
8,6,1,2,444.5,F-10 Islamabad,192798000.0
8,6,1,1,453.1,Satellite Town Rawalpindi,92079000.0
10,8,2,2,554.3,Hayatabad Peshawar,90487000.0
6,5,1,1,340.0,DHA Islamabad,124340000.0
3,3,1,1,233.7,Clifton Karachi,67380000.0
9,7,1,2,507.0,F-10 Islamabad,204966000.0
10,8,1,2,476.2,F-10 Islamabad,239846000.0
6,5,2,2,330.2,Gulberg Lahore,103316000.0
9,7,1,1,474.6,F-10 Islamabad,212309000.0
2,1,1,2,204.7,Johar Town Lahore,35809000.0
7,7,2,1,378.3,Hayatabad Peshawar,52796000.0
10,8,1,1,527.2,Clifton Karachi,209664000.0
3,3,1,1,231.7,Gulshan-e-Iqbal Karachi,35660000.0
6,6,1,2,321.1,Johar Town Lahore,84110000.0
10,9,1,2,573.6,DHA Islamabad,197363000.0
8,7,2,1,491.0,DHA Islamabad,149556000.0
10,8,2,2,539.0,F-10 Islamabad,244095000.0
5,4,2,2,268.0,F-10 Islamabad,124427000.0
10,8,1,2,598.1,Satellite Town Rawalpindi,132936000.0
2,1,1,1,142.4,Satellite Town Rawalpindi,21409000.0
5,5,2,1,340.1,Satellite Town Rawalpindi,62412000.0
6,5,1,2,318.8,Gulshan-e-Iqbal Karachi,55669000.0
8,7,2,2,491.2,Clifton Karachi,210860000.0
10,8,1,2,550.7,Gulshan-e-Iqbal Karachi,119345000.0
10,8,2,2,454.8,DHA Lahore,198692000.0
9,6,2,1,398.5,Gulshan-e-Iqbal Karachi,84339000.0
4,2,2,1,290.8,Saddar Rawalpindi,36847000.0
7,4,1,2,335.6,Saddar Rawalpindi,49537000.0
7,6,1,2,335.0,Clifton Karachi,112016000.0
2,1,1,1,71.0,DHA Islamabad,19050000.0
6,4,1,1,331.6,Gulshan-e-Iqbal Karachi,52463000.0
10,8,2,1,522.2,DHA Lahore,218300000.0
8,6,2,2,443.0,Saddar Rawalpindi,74341000.0
9,6,1,1,489.7,Johar Town Lahore,107622000.0
3,4,1,2,270.9,Satellite Town Rawalpindi,42708000.0
7,6,1,1,345.6,Gulberg Lahore,124563000.0
1,1,1,1,78.1,Hayatabad Peshawar,7851000.0
5,4,2,1,266.8,Satellite Town Rawalpindi,50573000.0
6,5,1,1,316.2,Gulberg Lahore,108347000.0
4,3,1,1,197.8,Johar Town Lahore,41382000.0
1,2,1,1,76.9,Johar Town Lahore,14029000.0
9,7,1,2,432.8,Saddar Rawalpindi,69892000.0
5,5,1,2,294.9,Gulshan-e-Iqbal Karachi,49620000.0
4,3,2,1,284.5,Satellite Town Rawalpindi,47907000.0
4,3,1,1,195.0,DHA Lahore,60017000.0
6,6,1,2,350.4,Johar Town Lahore,82977000.0
4,4,1,2,296.5,DHA Lahore,93366000.0
5,5,2,2,316.0,Hayatabad Peshawar,46739000.0
7,5,2,2,373.7,Gulberg Lahore,136143000.0
1,1,1,1,63.4,Clifton Karachi,14185000.0
8,5,2,1,550.2,Bahria Town Rawalpindi,118868000.0
1,1,1,1,98.4,Satellite Town Rawalpindi,12329000.0
7,6,2,1,303.5,DHA Lahore,99777000.0
3,3,1,1,172.0,Gulberg Lahore,48230000.0
6,5,2,1,342.8,Clifton Karachi,133382000.0
5,5,1,1,211.3,Johar Town Lahore,48892000.0
10,8,1,2,524.4,Satellite Town Rawalpindi,120856000.0
6,4,2,1,274.0,Johar Town Lahore,64055000.0
5,4,2,1,404.9,Johar Town Lahore,89749000.0
5,3,1,1,194.4,Bahria Town Rawalpindi,38806000.0
2,2,1,1,70.5,DHA Islamabad,17329000.0
8,7,2,2,278.2,DHA Lahore,115107000.0
6,5,2,1,349.7,Hayatabad Peshawar,54734000.0
4,3,2,2,308.2,Hayatabad Peshawar,43250000.0
10,8,2,1,579.5,Clifton Karachi,238102000.0
8,5,1,2,441.7,Clifton Karachi,152789000.0
10,8,2,2,597.7,DHA Lahore,284761000.0
5,4,1,1,219.3,Bahria Town Rawalpindi,41520000.0
9,6,2,1,486.1,DHA Islamabad,191556000.0
6,5,2,2,360.0,Gulberg Lahore,128439000.0
8,6,2,1,390.4,Gulberg Lahore,137205000.0
10,9,2,2,592.4,F-10 Islamabad,259153000.0
7,5,2,2,413.2,F-10 Islamabad,161430000.0
10,8,1,1,545.4,DHA Islamabad,182535000.0
9,6,2,2,451.9,Clifton Karachi,162484000.0
3,2,1,1,128.8,Hayatabad Peshawar,14358000.0
8,7,1,1,437.7,Gulshan-e-Iqbal Karachi,92715000.0
4,3,1,1,321.5,DHA Lahore,104497000.0
10,8,2,1,556.2,DHA Lahore,234730000.0
8,7,2,2,495.7,Gulberg Lahore,170174000.0
2,1,1,1,116.2,Bahria Town Rawalpindi,18041000.0
2,2,1,1,132.3,Clifton Karachi,29871000.0
2,1,1,1,97.6,Clifton Karachi,28307000.0
5,4,1,2,326.4,DHA Islamabad,87896000.0
1,1,1,1,103.6,DHA Lahore,26334000.0
9,7,2,1,450.8,Gulberg Lahore,186560000.0
6,5,1,1,358.3,Bahria Town Rawalpindi,74132000.0
9,7,2,2,511.4,Gulshan-e-Iqbal Karachi,105590000.0
5,4,1,2,211.1,Johar Town Lahore,47222000.0
7,5,1,1,340.3,Clifton Karachi,119102000.0
3,2,1,1,123.4,Gulshan-e-Iqbal Karachi,19018000.0
10,7,2,2,537.7,Hayatabad Peshawar,80284000.0
4,2,1,1,154.5,Saddar Rawalpindi,22172000.0
3,4,1,1,115.3,Clifton Karachi,34288000.0
4,2,1,1,170.7,Satellite Town Rawalpindi,29095000.0
7,6,2,2,495.4,Johar Town Lahore,109939000.0
2,1,1,1,117.1,Hayatabad Peshawar,12872000.0
8,7,1,1,391.8,Saddar Rawalpindi,67768000.0
8,5,2,1,462.9,Gulshan-e-Iqbal Karachi,82035000.0
10,8,1,1,465.6,Satellite Town Rawalpindi,80503000.0
3,3,1,1,162.6,Johar Town Lahore,32737000.0
2,2,1,1,93.3,Gulshan-e-Iqbal Karachi,14719000.0
7,5,1,2,302.4,Gulberg Lahore,103611000.0
3,1,1,1,169.3,Hayatabad Peshawar,20995000.0
8,5,1,1,437.6,Clifton Karachi,151255000.0
5,5,1,1,252.6,Saddar Rawalpindi,37958000.0
4,3,1,2,302.7,Johar Town Lahore,63566000.0
2,2,1,1,121.3,Satellite Town Rawalpindi,19711000.0
7,6,1,1,366.5,DHA Islamabad,110177000.0
3,1,1,1,160.2,Bahria Town Rawalpindi,28561000.0
9,7,1,2,426.7,Johar Town Lahore,100018000.0
1,1,1,1,98.4,Saddar Rawalpindi,11299000.0
9,7,1,2,587.0,Saddar Rawalpindi,111226000.0
9,7,2,1,429.6,DHA Lahore,158680000.0
4,2,1,1,158.1,Gulshan-e-Iqbal Karachi,24485000.0
1,1,1,1,67.6,Clifton Karachi,19890000.0
5,4,1,2,240.6,Hayatabad Peshawar,35588000.0
3,3,1,1,142.5,Gulshan-e-Iqbal Karachi,21187000.0
2,2,1,1,177.9,DHA Lahore,50756000.0
9,8,2,1,531.3,Hayatabad Peshawar,86303000.0
7,5,1,1,385.7,Bahria Town Rawalpindi,86989000.0
4,3,1,1,155.3,Hayatabad Peshawar,18627000.0
5,4,2,1,360.6,Bahria Town Rawalpindi,65255000.0
3,3,1,1,198.1,Gulberg Lahore,60865000.0
10,8,1,1,587.1,Satellite Town Rawalpindi,107237000.0
2,1,1,1,77.7,Saddar Rawalpindi,9125000.0
8,5,2,2,455.5,Hayatabad Peshawar,69812000.0
8,7,1,2,477.4,Saddar Rawalpindi,81421000.0
3,2,1,1,96.3,Gulshan-e-Iqbal Karachi,13322000.0
2,2,1,1,152.8,Gulberg Lahore,43408000.0
5,6,1,2,267.5,DHA Islamabad,86704000.0
8,7,2,1,528.8,Bahria Town Rawalpindi,112732000.0
6,6,1,2,350.0,Gulberg Lahore,134545000.0
8,6,1,1,413.9,DHA Islamabad,139907000.0
9,8,1,1,482.8,Johar Town Lahore,115134000.0
10,8,2,1,507.2,Saddar Rawalpindi,102781000.0
6,5,2,1,317.2,Hayatabad Peshawar,44186000.0
8,8,1,1,334.7,Johar Town Lahore,85006000.0
7,5,1,1,447.7,Satellite Town Rawalpindi,78817000.0
2,2,1,1,202.2,Hayatabad Peshawar,25071000.0
8,6,2,2,521.4,Satellite Town Rawalpindi,99006000.0
1,1,1,1,71.2,Johar Town Lahore,12280000.0
2,1,1,1,165.7,Gulberg Lahore,44275000.0
9,8,2,1,492.1,Hayatabad Peshawar,78060000.0
6,4,1,1,243.7,F-10 Islamabad,100304000.0
4,4,1,1,140.9,DHA Lahore,42406000.0
3,2,1,1,160.8,DHA Islamabad,42546000.0
8,7,1,2,346.6,Saddar Rawalpindi,59624000.0
9,7,1,1,516.9,Gulshan-e-Iqbal Karachi,101845000.0
1,1,1,1,98.2,DHA Islamabad,25478000.0
2,1,1,1,76.5,F-10 Islamabad,21785000.0
4,3,1,2,311.2,Clifton Karachi,95661000.0
10,9,2,1,576.3,Johar Town Lahore,142446000.0
4,2,1,1,210.7,Saddar Rawalpindi,27732000.0
10,8,1,1,578.0,F-10 Islamabad,238370000.0
10,8,2,1,539.3,Hayatabad Peshawar,88504000.0
3,4,1,2,212.9,DHA Lahore,66798000.0
9,7,1,2,501.2,Satellite Town Rawalpindi,112702000.0
9,7,1,1,430.4,F-10 Islamabad,191358000.0
6,5,2,1,336.4,DHA Islamabad,108634000.0
4,2,2,1,288.4,DHA Islamabad,74006000.0
8,6,2,1,500.4,DHA Lahore,203676000.0
8,6,1,2,488.3,Hayatabad Peshawar,84251000.0
9,7,1,2,468.7,DHA Islamabad,173902000.0
10,7,1,2,599.1,DHA Lahore,224417000.0
5,5,1,2,318.4,Bahria Town Rawalpindi,61533000.0
7,6,1,2,495.7,Hayatabad Peshawar,75525000.0
10,8,2,2,525.7,Gulshan-e-Iqbal Karachi,107458000.0
2,1,1,1,174.3,Saddar Rawalpindi,25738000.0
2,2,1,1,82.7,Gulshan-e-Iqbal Karachi,11869000.0
4,4,2,2,278.6,Gulshan-e-Iqbal Karachi,47490000.0
9,7,1,2,522.6,Saddar Rawalpindi,87544000.0
4,4,1,1,216.1,DHA Islamabad,62812000.0
10,7,1,2,438.0,Satellite Town Rawalpindi,99080000.0
2,2,1,1,64.0,Saddar Rawalpindi,8299000.0
5,5,2,1,251.9,Saddar Rawalpindi,37887000.0
7,6,2,2,392.4,DHA Lahore,139347000.0
1,2,1,1,130.1,Saddar Rawalpindi,17606000.0
9,7,1,1,544.2,DHA Lahore,214131000.0
1,1,1,1,144.4,DHA Islamabad,34642000.0
10,8,2,2,551.3,Satellite Town Rawalpindi,98199000.0
5,3,1,1,176.9,F-10 Islamabad,63914000.0
10,7,2,1,596.9,Bahria Town Rawalpindi,135610000.0
7,5,2,1,386.6,Clifton Karachi,112424000.0
1,1,1,1,105.5,F-10 Islamabad,34822000.0
2,3,1,1,95.2,Satellite Town Rawalpindi,13958000.0
4,4,1,1,100.5,DHA Lahore,37550000.0
7,5,2,1,378.5,DHA Islamabad,133585000.0
8,7,2,2,497.2,Hayatabad Peshawar,75633000.0
3,2,2,1,277.6,Johar Town Lahore,60112000.0
7,6,1,2,300.2,F-10 Islamabad,138901000.0
7,6,2,1,378.2,Gulshan-e-Iqbal Karachi,68685000.0
5,5,1,1,347.8,Johar Town Lahore,70816000.0
7,5,1,2,431.6,DHA Islamabad,117665000.0
4,4,1,2,314.8,Saddar Rawalpindi,47050000.0
8,5,2,1,445.5,DHA Lahore,157543000.0
10,9,2,1,598.5,Gulshan-e-Iqbal Karachi,131616000.0
4,3,1,1,249.2,Satellite Town Rawalpindi,38580000.0
2,2,1,1,66.6,Clifton Karachi,16830000.0
2,1,1,1,127.8,Gulshan-e-Iqbal Karachi,17777000.0
8,6,2,2,358.9,F-10 Islamabad,141035000.0
4,4,1,1,245.9,F-10 Islamabad,85750000.0
10,8,2,2,567.6,DHA Lahore,229326000.0
7,6,1,2,398.8,Satellite Town Rawalpindi,75302000.0
5,4,1,1,341.0,Johar Town Lahore,73745000.0
8,7,1,2,490.9,Gulberg Lahore,167210000.0
3,3,1,1,199.6,Saddar Rawalpindi,29211000.0
7,5,2,2,502.7,Satellite Town Rawalpindi,93569000.0
1,1,1,1,61.7,Satellite Town Rawalpindi,9556000.0
5,5,2,1,394.6,Gulberg Lahore,132023000.0
10,8,2,1,564.8,Gulshan-e-Iqbal Karachi,119175000.0
7,6,2,1,485.4,Clifton Karachi,159472000.0
9,9,2,2,521.0,DHA Lahore,230667000.0
6,6,1,2,274.4,DHA Lahore,101475000.0
10,9,1,2,505.1,Bahria Town Rawalpindi,129711000.0
5,4,2,1,357.4,Gulberg Lahore,128027000.0
7,6,2,2,394.0,Clifton Karachi,129242000.0
1,1,1,1,91.8,Satellite Town Rawalpindi,13430000.0
2,1,1,1,168.8,Satellite Town Rawalpindi,25440000.0
6,5,2,1,357.5,F-10 Islamabad,146727000.0
2,1,1,1,91.8,Gulshan-e-Iqbal Karachi,12878000.0
8,6,1,2,460.4,DHA Islamabad,149948000.0
10,8,2,1,513.6,Gulshan-e-Iqbal Karachi,103454000.0
10,7,1,2,557.0,Gulberg Lahore,205381000.0
1,1,1,1,115.0,DHA Lahore,30349000.0
10,9,2,2,567.4,Gulshan-e-Iqbal Karachi,122095000.0
1,1,1,1,96.5,DHA Lahore,25636000.0
7,4,1,2,316.0,Saddar Rawalpindi,51221000.0
8,6,2,2,513.7,Johar Town Lahore,128379000.0
1,1,1,1,98.0,Hayatabad Peshawar,11122000.0
1,1,1,1,69.8,Gulshan-e-Iqbal Karachi,9608000.0
2,2,1,1,73.5,Gulberg Lahore,20465000.0
7,6,1,1,336.1,Saddar Rawalpindi,53239000.0
10,7,1,2,498.3,DHA Lahore,216749000.0
3,2,1,1,128.8,Johar Town Lahore,24190000.0
2,1,1,1,127.3,Bahria Town Rawalpindi,21431000.0
7,5,2,1,367.0,Bahria Town Rawalpindi,70009000.0
2,1,1,1,186.5,Clifton Karachi,51020000.0
6,4,1,1,454.3,F-10 Islamabad,167104000.0
10,8,1,1,572.8,Hayatabad Peshawar,88799000.0
8,7,2,2,473.7,Satellite Town Rawalpindi,87289000.0
10,9,1,2,533.7,Gulshan-e-Iqbal Karachi,104348000.0
6,5,1,2,340.6,Saddar Rawalpindi,51553000.0
10,9,1,1,509.5,Clifton Karachi,213535000.0
4,3,1,1,158.8,DHA Islamabad,42377000.0
3,3,1,1,96.9,DHA Lahore,25682000.0
8,6,1,2,414.2,Johar Town Lahore,104121000.0
1,1,1,1,88.1,Hayatabad Peshawar,9109000.0
10,9,1,1,541.9,F-10 Islamabad,265602000.0
7,4,1,2,433.4,Johar Town Lahore,96711000.0
10,7,2,2,574.2,Gulberg Lahore,219976000.0
7,6,1,1,229.5,Bahria Town Rawalpindi,52433000.0
6,5,2,1,322.5,Bahria Town Rawalpindi,68926000.0
9,6,1,2,460.5,DHA Lahore,166453000.0
3,2,1,1,191.1,DHA Islamabad,46780000.0
7,5,1,2,352.6,DHA Islamabad,99084000.0
8,7,1,1,416.1,Gulberg Lahore,178377000.0
10,9,1,1,588.6,F-10 Islamabad,256405000.0
9,8,2,2,462.1,Clifton Karachi,187644000.0
3,1,1,1,123.8,DHA Islamabad,30831000.0
7,5,2,2,316.7,Gulberg Lahore,102870000.0
7,5,2,2,377.9,DHA Lahore,142508000.0
2,3,1,1,139.2,Hayatabad Peshawar,16564000.0
6,5,2,2,293.3,Clifton Karachi,102441000.0
3,2,1,2,213.4,Satellite Town Rawalpindi,35182000.0
2,2,1,1,124.2,Gulberg Lahore,32997000.0
6,5,1,1,336.5,DHA Lahore,107569000.0
1,1,1,1,149.4,DHA Lahore,38406000.0
8,7,2,2,378.9,Satellite Town Rawalpindi,63750000.0
2,1,1,1,151.6,Hayatabad Peshawar,17222000.0
8,6,2,1,450.7,Hayatabad Peshawar,69717000.0
3,3,1,1,165.4,Saddar Rawalpindi,20676000.0
10,8,1,1,544.0,Johar Town Lahore,130018000.0
1,1,1,1,74.2,Johar Town Lahore,13158000.0
6,5,1,1,341.9,Hayatabad Peshawar,46465000.0
4,4,1,1,232.9,Gulberg Lahore,70651000.0
3,3,1,1,181.5,Gulberg Lahore,51754000.0
5,3,1,2,314.7,Satellite Town Rawalpindi,54024000.0
10,8,2,1,514.7,DHA Lahore,207616000.0
8,7,1,2,554.2,F-10 Islamabad,232288000.0
4,4,1,2,223.8,Clifton Karachi,58750000.0
2,2,1,1,143.3,Gulberg Lahore,39580000.0
9,7,1,2,448.9,Satellite Town Rawalpindi,91123000.0
5,4,1,1,374.3,Satellite Town Rawalpindi,62651000.0
3,1,1,1,168.5,Gulberg Lahore,53242000.0
8,6,2,1,470.6,Johar Town Lahore,116648000.0
7,5,2,2,340.2,Hayatabad Peshawar,50676000.0
8,7,1,1,412.8,Saddar Rawalpindi,71929000.0
3,2,2,2,254.0,F-10 Islamabad,102007000.0
5,4,1,1,297.1,Clifton Karachi,92253000.0
4,2,1,1,157.4,Clifton Karachi,37674000.0
7,5,1,2,468.5,Gulshan-e-Iqbal Karachi,89418000.0
3,2,1,1,144.8,DHA Islamabad,36034000.0
9,9,2,1,480.3,Gulberg Lahore,162353000.0
9,7,1,1,490.9,Satellite Town Rawalpindi,109166000.0
10,8,1,2,463.2,F-10 Islamabad,236172000.0
1,1,1,1,70.5,Gulberg Lahore,17285000.0
4,2,1,2,207.5,Gulberg Lahore,58254000.0
5,4,1,2,312.9,Bahria Town Rawalpindi,61858000.0
7,6,1,2,381.6,Bahria Town Rawalpindi,76673000.0
10,8,1,1,556.4,Gulberg Lahore,212952000.0
4,2,1,2,262.8,Satellite Town Rawalpindi,40078000.0
10,8,1,1,532.5,DHA Islamabad,185710000.0
2,2,1,1,148.3,Gulberg Lahore,37056000.0
4,4,1,1,260.5,DHA Islamabad,78813000.0
3,3,1,1,88.2,Clifton Karachi,26993000.0
8,6,2,1,460.9,F-10 Islamabad,194848000.0
1,2,1,1,141.4,Saddar Rawalpindi,17596000.0
5,4,1,1,198.8,Clifton Karachi,63322000.0
8,8,2,1,478.6,Saddar Rawalpindi,83388000.0
6,5,2,2,348.7,Clifton Karachi,129313000.0
3,1,1,1,67.5,DHA Lahore,18304000.0
1,1,1,1,61.2,Satellite Town Rawalpindi,9102000.0
6,4,1,2,335.8,Johar Town Lahore,74675000.0
3,2,1,1,224.7,Hayatabad Peshawar,25342000.0
1,1,1,1,157.4,Hayatabad Peshawar,20434000.0
7,7,2,1,391.3,Clifton Karachi,158445000.0
4,3,1,1,183.4,Gulshan-e-Iqbal Karachi,29136000.0
7,7,1,1,379.8,F-10 Islamabad,163480000.0
4,3,1,1,264.8,Saddar Rawalpindi,35786000.0
3,2,1,1,160.8,Gulshan-e-Iqbal Karachi,24074000.0
1,2,1,1,134.6,Satellite Town Rawalpindi,17843000.0
4,3,1,1,187.9,F-10 Islamabad,60685000.0
2,2,1,1,76.1,Saddar Rawalpindi,11060000.0
6,4,1,2,226.4,Johar Town Lahore,50619000.0
10,8,1,1,547.1,F-10 Islamabad,250011000.0
8,7,1,1,508.9,Bahria Town Rawalpindi,105685000.0
5,3,2,2,260.9,Clifton Karachi,81724000.0
6,4,1,1,371.0,Gulberg Lahore,107802000.0
7,5,1,2,366.4,Bahria Town Rawalpindi,72754000.0
9,7,2,1,507.5,DHA Lahore,187585000.0
2,3,1,1,187.6,Gulshan-e-Iqbal Karachi,31146000.0
2,1,1,2,220.0,Gulberg Lahore,53672000.0
4,3,1,1,223.0,Hayatabad Peshawar,26388000.0
3,4,1,1,82.1,Saddar Rawalpindi,9780000.0
4,3,1,2,229.9,Johar Town Lahore,44857000.0
10,8,2,2,534.1,Hayatabad Peshawar,88079000.0
10,8,1,2,552.5,DHA Lahore,247921000.0
2,1,1,1,119.2,Bahria Town Rawalpindi,19251000.0
5,4,1,1,307.4,DHA Islamabad,87705000.0
5,5,1,2,265.9,Hayatabad Peshawar,38283000.0
7,6,2,2,324.3,Hayatabad Peshawar,48261000.0
7,6,1,2,359.5,Saddar Rawalpindi,68829000.0
2,2,1,1,70.9,Bahria Town Rawalpindi,11445000.0
9,7,2,2,514.8,Gulberg Lahore,202459000.0
10,8,2,2,585.8,DHA Islamabad,228781000.0
7,6,2,2,412.8,DHA Islamabad,131433000.0
8,6,1,2,416.6,F-10 Islamabad,179419000.0
7,7,1,1,345.1,Clifton Karachi,113740000.0
2,1,1,2,240.5,DHA Islamabad,62775000.0
3,2,1,1,140.4,Hayatabad Peshawar,17312000.0
7,5,1,2,375.4,Johar Town Lahore,87221000.0
1,1,1,1,84.3,F-10 Islamabad,23898000.0
10,9,2,1,505.2,Johar Town Lahore,154637000.0
4,5,2,1,287.3,Saddar Rawalpindi,44519000.0
5,4,2,1,284.0,Gulberg Lahore,81269000.0
6,5,1,2,236.7,DHA Islamabad,71968000.0
10,8,2,2,583.5,DHA Islamabad,191746000.0
3,3,1,1,154.5,Satellite Town Rawalpindi,25502000.0
3,4,1,1,141.7,Bahria Town Rawalpindi,25737000.0
3,3,1,1,149.4,Clifton Karachi,42162000.0
10,8,2,2,415.6,DHA Lahore,166608000.0
10,8,1,1,595.6,Saddar Rawalpindi,104494000.0
3,3,1,1,187.2,DHA Islamabad,53652000.0
9,7,2,1,549.0,Satellite Town Rawalpindi,118954000.0
4,2,1,1,210.5,Gulshan-e-Iqbal Karachi,35110000.0
7,5,2,2,409.9,DHA Lahore,137548000.0
1,2,1,1,81.9,F-10 Islamabad,25598000.0
6,6,2,2,327.7,Hayatabad Peshawar,50019000.0
7,5,2,1,413.5,Gulberg Lahore,135623000.0
7,6,1,2,349.6,Johar Town Lahore,73977000.0
4,4,1,1,188.4,DHA Lahore,56582000.0
9,6,1,1,507.4,F-10 Islamabad,240521000.0
10,8,1,1,583.9,DHA Lahore,221563000.0
5,5,2,2,308.0,Bahria Town Rawalpindi,62772000.0
7,6,2,1,403.4,DHA Islamabad,130706000.0
8,6,2,1,486.8,Gulberg Lahore,173948000.0
5,4,1,1,190.4,Bahria Town Rawalpindi,35758000.0
9,8,1,2,526.8,DHA Lahore,228476000.0
5,2,1,1,211.3,Satellite Town Rawalpindi,34317000.0
10,8,1,1,478.9,Bahria Town Rawalpindi,107440000.0
1,1,1,1,120.5,DHA Islamabad,29407000.0
1,1,1,1,215.7,Bahria Town Rawalpindi,31224000.0
7,6,1,1,348.2,Johar Town Lahore,84758000.0
6,5,2,1,343.5,Gulberg Lahore,110359000.0
9,7,2,1,519.2,Johar Town Lahore,126900000.0
10,8,1,2,597.9,DHA Islamabad,225455000.0
2,1,1,1,117.9,Gulberg Lahore,30947000.0
5,3,1,2,206.5,DHA Lahore,67998000.0
5,4,1,1,253.1,DHA Lahore,92815000.0
7,6,2,1,318.6,Clifton Karachi,101009000.0
6,5,1,1,326.7,Saddar Rawalpindi,52086000.0
9,7,1,1,522.3,Johar Town Lahore,140241000.0
8,6,2,2,476.1,Satellite Town Rawalpindi,101196000.0
2,1,1,1,70.2,Johar Town Lahore,14828000.0
6,5,2,2,305.7,F-10 Islamabad,118029000.0
8,7,1,2,393.8,F-10 Islamabad,160491000.0
5,4,2,1,308.6,Gulberg Lahore,105058000.0
3,1,1,1,130.5,Clifton Karachi,37380000.0
6,4,1,2,274.6,F-10 Islamabad,101024000.0
5,4,1,2,282.3,Hayatabad Peshawar,40279000.0
2,1,1,1,161.4,Johar Town Lahore,35229000.0
8,6,1,2,468.4,Satellite Town Rawalpindi,91301000.0
4,4,1,1,233.6,Gulshan-e-Iqbal Karachi,41028000.0
8,6,2,1,378.1,Gulberg Lahore,151624000.0
7,6,2,1,338.5,F-10 Islamabad,165413000.0
8,5,1,2,533.8,Saddar Rawalpindi,89295000.0
2,1,1,1,125.9,Gulberg Lahore,36998000.0
2,1,1,1,121.7,F-10 Islamabad,36617000.0
5,4,1,1,222.2,Hayatabad Peshawar,30179000.0
5,3,2,1,292.9,Johar Town Lahore,60642000.0
4,4,1,2,221.2,DHA Islamabad,55916000.0
7,6,2,1,472.1,Johar Town Lahore,100343000.0
4,4,1,1,192.4,Johar Town Lahore,41431000.0
2,1,1,1,105.8,Satellite Town Rawalpindi,15793000.0
4,2,2,1,283.5,Gulshan-e-Iqbal Karachi,42177000.0
8,6,2,2,477.6,F-10 Islamabad,228987000.0
10,8,1,2,519.3,Bahria Town Rawalpindi,113991000.0
7,7,2,1,456.0,Clifton Karachi,161061000.0
6,5,1,2,361.3,DHA Islamabad,109893000.0
9,7,2,2,451.1,Gulberg Lahore,173687000.0
8,6,1,1,428.0,Bahria Town Rawalpindi,98206000.0
4,3,1,1,186.6,DHA Islamabad,54907000.0
7,7,1,1,357.4,Hayatabad Peshawar,56943000.0
9,8,2,2,476.1,DHA Islamabad,179061000.0
4,3,1,2,231.2,DHA Islamabad,59970000.0
8,6,1,1,413.1,Hayatabad Peshawar,67964000.0
7,6,1,2,320.0,F-10 Islamabad,123180000.0
7,6,1,1,331.7,Saddar Rawalpindi,53074000.0
1,1,1,1,108.6,DHA Islamabad,25758000.0
9,7,2,2,419.8,Bahria Town Rawalpindi,99792000.0
9,8,2,1,527.5,Bahria Town Rawalpindi,118680000.0
2,2,1,1,136.4,Gulshan-e-Iqbal Karachi,20027000.0
5,5,1,2,257.7,Clifton Karachi,91019000.0
2,3,1,1,86.3,Johar Town Lahore,15131000.0
2,2,1,1,76.0,F-10 Islamabad,24825000.0
10,8,2,1,594.4,DHA Islamabad,199493000.0
7,8,1,1,326.5,Clifton Karachi,119079000.0
5,4,1,2,252.0,F-10 Islamabad,90762000.0
3,2,1,1,208.4,Clifton Karachi,57557000.0
10,8,2,1,589.2,Gulshan-e-Iqbal Karachi,112260000.0
4,4,1,1,196.2,Satellite Town Rawalpindi,35303000.0
8,5,1,2,451.9,Johar Town Lahore,109163000.0
3,2,1,2,213.2,DHA Islamabad,58213000.0
3,3,1,1,98.1,Gulberg Lahore,30359000.0
7,5,2,1,429.0,Satellite Town Rawalpindi,72505000.0
3,2,1,1,60.9,Johar Town Lahore,11291000.0
6,6,1,2,424.9,Clifton Karachi,142790000.0
3,2,1,1,195.2,Johar Town Lahore,33164000.0
8,5,2,1,462.9,Bahria Town Rawalpindi,88016000.0
8,5,2,2,475.7,Satellite Town Rawalpindi,86414000.0
8,7,2,1,451.0,Saddar Rawalpindi,70943000.0
3,3,1,1,73.2,Hayatabad Peshawar,8961000.0
8,6,2,2,440.0,Satellite Town Rawalpindi,89625000.0
10,7,2,1,594.7,Gulberg Lahore,240969000.0
2,1,1,1,191.0,F-10 Islamabad,68534000.0
2,2,1,2,208.1,F-10 Islamabad,69246000.0
9,7,2,1,499.3,Hayatabad Peshawar,81458000.0
2,1,1,1,146.6,Clifton Karachi,38134000.0
7,5,1,1,416.7,DHA Lahore,155298000.0
6,5,1,1,467.7,Hayatabad Peshawar,68364000.0
1,1,1,1,80.1,Clifton Karachi,21518000.0
8,8,2,1,359.0,Hayatabad Peshawar,61443000.0
8,7,1,2,371.0,Hayatabad Peshawar,60668000.0
2,2,1,1,223.9,DHA Islamabad,63713000.0
9,8,1,2,533.2,Gulberg Lahore,204929000.0
2,2,1,1,147.9,Saddar Rawalpindi,18218000.0
5,4,1,2,256.7,Saddar Rawalpindi,37168000.0
8,8,2,1,518.3,Bahria Town Rawalpindi,117190000.0
5,4,1,1,162.9,Gulberg Lahore,47646000.0
9,7,1,2,503.5,Clifton Karachi,175010000.0
2,2,1,1,102.7,Saddar Rawalpindi,12163000.0
7,6,2,2,324.2,Bahria Town Rawalpindi,72241000.0
2,3,1,1,100.7,Clifton Karachi,28274000.0
8,6,1,1,426.1,Gulberg Lahore,132749000.0
8,7,2,1,486.9,F-10 Islamabad,201626000.0
8,7,1,2,518.9,Johar Town Lahore,146218000.0
10,9,2,2,589.9,DHA Lahore,266987000.0
10,8,1,1,422.9,Clifton Karachi,162579000.0
9,7,2,1,475.3,Gulberg Lahore,170673000.0
6,5,2,2,333.1,Satellite Town Rawalpindi,62440000.0
9,7,2,1,552.9,DHA Islamabad,193145000.0
8,6,2,1,407.6,Satellite Town Rawalpindi,74477000.0
8,7,1,1,537.1,DHA Islamabad,174597000.0
2,2,1,1,187.1,Saddar Rawalpindi,23291000.0
5,4,2,2,328.2,Gulberg Lahore,96325000.0
10,8,1,1,454.1,DHA Lahore,170580000.0
5,4,1,1,169.5,DHA Islamabad,49095000.0
3,3,1,1,174.1,Gulshan-e-Iqbal Karachi,25674000.0
10,7,1,2,588.1,Bahria Town Rawalpindi,134583000.0
4,3,1,1,294.7,Gulshan-e-Iqbal Karachi,42178000.0
3,3,1,1,158.2,Gulshan-e-Iqbal Karachi,26186000.0
5,2,1,2,239.0,Satellite Town Rawalpindi,45176000.0
6,5,2,1,274.6,Gulshan-e-Iqbal Karachi,53200000.0
8,7,2,2,396.5,Gulberg Lahore,159927000.0
10,8,1,2,558.4,Saddar Rawalpindi,106088000.0
10,9,1,2,592.8,Satellite Town Rawalpindi,129058000.0
7,5,2,2,411.9,Gulberg Lahore,145624000.0
8,6,2,1,438.0,Bahria Town Rawalpindi,89896000.0
4,2,1,1,233.8,Satellite Town Rawalpindi,38600000.0
10,9,1,1,522.9,Bahria Town Rawalpindi,130400000.0
4,4,1,1,177.6,Clifton Karachi,51041000.0
2,2,1,1,117.4,F-10 Islamabad,39782000.0
10,7,2,1,585.6,Bahria Town Rawalpindi,130225000.0
8,7,2,1,526.6,Saddar Rawalpindi,86056000.0
3,1,1,1,224.0,Bahria Town Rawalpindi,39940000.0
7,5,1,1,424.6,Gulshan-e-Iqbal Karachi,79714000.0
4,3,2,2,312.2,Gulshan-e-Iqbal Karachi,51366000.0
4,4,1,1,234.5,DHA Islamabad,65432000.0
4,4,1,2,214.9,Bahria Town Rawalpindi,41409000.0
4,3,1,1,133.5,Saddar Rawalpindi,16254000.0
7,5,1,2,356.6,Johar Town Lahore,79245000.0
7,5,2,2,301.2,Bahria Town Rawalpindi,58563000.0
6,4,2,1,336.6,Hayatabad Peshawar,47699000.0
3,4,1,1,176.3,F-10 Islamabad,66993000.0
10,9,2,1,566.8,DHA Islamabad,217033000.0
8,7,1,2,404.8,Hayatabad Peshawar,61596000.0
10,8,1,2,545.8,DHA Islamabad,188839000.0
2,2,1,1,119.0,Clifton Karachi,30132000.0
6,5,2,1,396.3,Hayatabad Peshawar,65333000.0
8,6,1,2,518.7,Clifton Karachi,181527000.0
4,3,1,2,238.7,Clifton Karachi,71558000.0
1,1,1,1,165.4,DHA Lahore,39533000.0
5,4,1,2,203.1,Bahria Town Rawalpindi,36426000.0
4,3,1,1,207.4,Clifton Karachi,60007000.0
5,3,2,1,301.5,Satellite Town Rawalpindi,49102000.0
3,3,1,2,236.0,Bahria Town Rawalpindi,43129000.0
5,4,1,1,206.5,Satellite Town Rawalpindi,35293000.0
6,5,1,2,410.2,DHA Lahore,154519000.0
1,1,1,1,88.6,Johar Town Lahore,13686000.0
4,3,1,2,243.8,Bahria Town Rawalpindi,41872000.0
8,6,2,2,432.5,Clifton Karachi,151897000.0
3,2,1,1,155.0,F-10 Islamabad,49795000.0
4,4,1,1,179.3,Gulberg Lahore,54025000.0
4,2,1,1,168.4,Gulshan-e-Iqbal Karachi,26719000.0
1,2,1,1,60.5,DHA Islamabad,14313000.0
7,6,1,1,315.8,DHA Lahore,119072000.0
1,1,1,1,81.0,Clifton Karachi,21237000.0
2,1,1,2,207.4,Bahria Town Rawalpindi,34885000.0
10,9,2,2,597.2,Gulberg Lahore,253815000.0
9,7,1,2,555.9,Gulberg Lahore,177519000.0
3,2,1,1,176.1,Gulshan-e-Iqbal Karachi,25844000.0
3,2,1,2,227.4,Hayatabad Peshawar,30152000.0
5,4,1,2,310.4,Satellite Town Rawalpindi,50304000.0
10,8,2,2,516.0,F-10 Islamabad,224863000.0
10,8,1,2,493.4,DHA Islamabad,178021000.0
1,1,1,1,128.2,DHA Islamabad,31120000.0
1,1,1,1,127.2,Clifton Karachi,30910000.0
4,3,1,1,285.0,Bahria Town Rawalpindi,58812000.0
10,8,1,1,529.9,F-10 Islamabad,246133000.0
10,8,1,1,536.3,Satellite Town Rawalpindi,104003000.0
1,1,1,1,118.0,Satellite Town Rawalpindi,14879000.0
7,6,1,2,370.1,Satellite Town Rawalpindi,71939000.0
4,3,1,1,144.1,F-10 Islamabad,47792000.0
8,7,2,1,430.5,Clifton Karachi,175885000.0
9,7,2,2,554.9,Clifton Karachi,210625000.0
6,4,1,2,305.6,F-10 Islamabad,123655000.0
2,1,1,1,104.9,Clifton Karachi,27798000.0
7,5,2,1,372.8,Johar Town Lahore,94345000.0
5,3,1,2,280.6,DHA Lahore,78823000.0
10,8,1,2,497.9,Saddar Rawalpindi,82983000.0
5,4,1,1,243.8,Gulshan-e-Iqbal Karachi,44313000.0
10,7,1,2,532.4,Johar Town Lahore,153712000.0
5,4,1,2,207.8,Gulshan-e-Iqbal Karachi,32746000.0
3,3,1,1,145.1,Saddar Rawalpindi,17198000.0
4,2,1,2,225.5,Clifton Karachi,65911000.0
2,1,1,1,78.9,F-10 Islamabad,25964000.0
4,2,1,2,211.9,Saddar Rawalpindi,29776000.0
10,7,2,1,416.5,Gulshan-e-Iqbal Karachi,85537000.0
3,2,1,1,136.8,Hayatabad Peshawar,14577000.0
3,2,1,1,120.1,Bahria Town Rawalpindi,20285000.0
3,3,1,1,131.5,DHA Lahore,40570000.0
2,3,1,1,101.9,Hayatabad Peshawar,11933000.0
9,8,2,2,532.3,Johar Town Lahore,121700000.0
10,9,1,2,569.8,Hayatabad Peshawar,101428000.0
2,1,1,1,85.1,DHA Islamabad,22657000.0
10,8,2,2,470.4,DHA Islamabad,164025000.0
9,8,2,1,458.1,Saddar Rawalpindi,80519000.0
10,9,2,1,598.3,Gulberg Lahore,230430000.0
4,4,1,1,247.9,Johar Town Lahore,50034000.0
3,3,1,2,214.2,DHA Lahore,70791000.0
7,6,2,2,304.7,DHA Lahore,121228000.0
9,9,1,1,522.6,Hayatabad Peshawar,92708000.0
9,7,1,2,453.4,Bahria Town Rawalpindi,111328000.0
6,5,1,1,314.7,Saddar Rawalpindi,47893000.0
4,3,1,1,192.1,Satellite Town Rawalpindi,37132000.0
8,6,2,2,452.6,Gulshan-e-Iqbal Karachi,98583000.0
9,7,1,1,521.4,DHA Lahore,197725000.0
4,2,1,1,276.0,Bahria Town Rawalpindi,49698000.0
9,7,2,1,421.0,Gulshan-e-Iqbal Karachi,73136000.0
5,4,2,1,276.1,Johar Town Lahore,60446000.0
7,6,1,1,318.4,Bahria Town Rawalpindi,74979000.0
8,7,1,1,343.5,Gulberg Lahore,148782000.0
8,6,2,2,478.9,Hayatabad Peshawar,74643000.0
10,9,1,2,587.9,F-10 Islamabad,282918000.0
5,4,2,1,300.0,Bahria Town Rawalpindi,61126000.0
3,3,1,2,244.9,Gulshan-e-Iqbal Karachi,44535000.0
5,3,2,1,261.7,F-10 Islamabad,90485000.0
3,2,1,1,132.3,Hayatabad Peshawar,19204000.0
4,4,1,1,220.3,Satellite Town Rawalpindi,35550000.0
2,2,1,1,106.7,Hayatabad Peshawar,11636000.0
5,4,1,1,291.1,Hayatabad Peshawar,38597000.0
5,4,1,1,150.4,F-10 Islamabad,52896000.0
3,1,1,1,247.1,F-10 Islamabad,83503000.0
9,7,2,2,488.5,Gulberg Lahore,165120000.0
3,3,1,1,192.8,Johar Town Lahore,38660000.0
6,6,2,1,390.4,Satellite Town Rawalpindi,75381000.0
10,8,1,1,546.6,Saddar Rawalpindi,108246000.0
7,7,1,1,366.1,Gulshan-e-Iqbal Karachi,72785000.0
4,2,1,1,164.6,Satellite Town Rawalpindi,28512000.0
5,3,1,2,246.2,Gulshan-e-Iqbal Karachi,39781000.0
8,8,1,1,378.8,DHA Lahore,154144000.0
7,6,2,1,333.6,DHA Lahore,106414000.0
3,2,1,1,140.3,Johar Town Lahore,26964000.0
5,4,1,2,301.3,DHA Islamabad,92518000.0
7,5,2,2,353.3,Saddar Rawalpindi,59559000.0
4,3,1,2,204.4,Gulshan-e-Iqbal Karachi,29868000.0
6,5,1,2,390.7,Saddar Rawalpindi,59535000.0
1,1,1,1,97.9,Johar Town Lahore,17084000.0
2,1,1,2,241.8,Saddar Rawalpindi,30029000.0
9,7,1,1,494.3,Hayatabad Peshawar,82584000.0
4,3,1,2,200.0,Clifton Karachi,58237000.0
6,4,1,2,386.8,DHA Lahore,137878000.0
6,6,2,1,281.4,Bahria Town Rawalpindi,56827000.0
4,5,1,1,230.9,Saddar Rawalpindi,36284000.0
10,9,1,2,554.7,Satellite Town Rawalpindi,128025000.0
5,4,1,1,245.4,Gulshan-e-Iqbal Karachi,40691000.0
2,1,1,1,187.8,Satellite Town Rawalpindi,32609000.0
10,8,1,2,551.0,Satellite Town Rawalpindi,109506000.0
9,7,2,2,462.8,Saddar Rawalpindi,87916000.0
7,5,1,1,428.2,Johar Town Lahore,92263000.0
1,2,1,1,86.7,Bahria Town Rawalpindi,14923000.0
2,1,1,1,130.9,DHA Islamabad,34428000.0
6,5,2,1,404.7,F-10 Islamabad,149533000.0
4,4,1,1,173.1,DHA Lahore,56599000.0
3,2,1,1,181.8,Saddar Rawalpindi,27265000.0
10,8,1,2,480.7,Johar Town Lahore,120586000.0
2,2,1,1,214.4,DHA Islamabad,56739000.0
2,3,1,1,98.7,F-10 Islamabad,33821000.0
3,1,1,1,79.7,Hayatabad Peshawar,9485000.0
5,3,1,2,299.3,Hayatabad Peshawar,35511000.0
7,5,2,1,393.2,DHA Lahore,154150000.0
9,6,1,2,529.2,Saddar Rawalpindi,90884000.0
1,1,1,1,119.8,Gulshan-e-Iqbal Karachi,18105000.0
3,2,1,1,166.2,Hayatabad Peshawar,20673000.0
5,5,1,1,346.1,Satellite Town Rawalpindi,60231000.0
5,4,1,1,256.6,Clifton Karachi,80336000.0
6,5,1,2,320.6,DHA Lahore,107875000.0
10,7,1,2,559.0,Clifton Karachi,230175000.0
5,4,2,2,354.2,Gulberg Lahore,113000000.0
6,6,1,2,284.2,Gulberg Lahore,95383000.0
10,7,1,1,594.3,Clifton Karachi,237092000.0
1,2,1,1,95.2,Clifton Karachi,25107000.0
9,7,1,1,563.3,Clifton Karachi,198200000.0
5,4,1,1,330.9,DHA Lahore,115424000.0
7,6,2,1,332.0,DHA Lahore,131006000.0
10,8,1,1,557.9,DHA Islamabad,198502000.0
7,7,2,1,334.0,Clifton Karachi,123346000.0
5,4,1,1,296.7,Clifton Karachi,82483000.0
3,3,1,1,207.1,Hayatabad Peshawar,26452000.0
8,6,2,1,415.8,Johar Town Lahore,107612000.0
6,5,2,1,367.6,Johar Town Lahore,87827000.0
3,2,1,1,175.7,DHA Islamabad,39296000.0
7,6,1,1,443.1,F-10 Islamabad,179703000.0
7,8,1,2,407.8,Gulberg Lahore,136872000.0
6,3,2,2,274.6,DHA Lahore,105493000.0
1,1,1,1,62.4,Gulberg Lahore,15884000.0
6,5,1,2,301.2,DHA Lahore,117819000.0
1,1,1,1,63.3,Saddar Rawalpindi,7035000.0
1,1,1,1,100.5,Bahria Town Rawalpindi,16411000.0
5,4,1,2,292.5,Gulberg Lahore,94247000.0
4,3,1,1,104.2,Bahria Town Rawalpindi,22735000.0
3,3,1,2,208.9,Gulberg Lahore,67417000.0
8,6,1,2,414.0,Gulshan-e-Iqbal Karachi,86348000.0
5,5,1,1,226.7,DHA Islamabad,77725000.0
10,8,2,1,598.7,Gulberg Lahore,239364000.0
10,8,1,2,554.8,DHA Islamabad,200542000.0
7,5,2,1,376.1,Hayatabad Peshawar,54900000.0
9,8,1,1,582.2,Gulshan-e-Iqbal Karachi,120591000.0
9,8,1,1,528.7,F-10 Islamabad,189874000.0
5,4,1,1,232.2,F-10 Islamabad,86603000.0
9,6,1,1,464.8,Bahria Town Rawalpindi,104347000.0
2,1,1,1,133.9,Johar Town Lahore,24281000.0
8,8,1,2,429.7,Saddar Rawalpindi,66826000.0
6,4,1,1,325.2,Clifton Karachi,100779000.0
2,2,1,1,69.1,Satellite Town Rawalpindi,9158000.0
3,2,1,2,208.1,Gulberg Lahore,68118000.0
10,9,2,2,575.9,Gulberg Lahore,228814000.0
6,4,1,2,230.5,Johar Town Lahore,44226000.0
4,3,1,1,158.0,F-10 Islamabad,55235000.0
2,1,1,1,161.3,Hayatabad Peshawar,19845000.0
5,4,1,2,318.8,F-10 Islamabad,122466000.0
9,7,1,2,515.0,Johar Town Lahore,123197000.0
9,7,1,1,469.3,Johar Town Lahore,112542000.0
4,2,1,2,295.9,DHA Islamabad,80666000.0
4,3,1,1,172.7,Johar Town Lahore,34191000.0
3,2,1,1,84.9,Johar Town Lahore,14999000.0
6,5,2,1,309.8,F-10 Islamabad,122617000.0
8,7,2,2,500.0,Bahria Town Rawalpindi,102876000.0
7,6,2,2,454.0,DHA Islamabad,161139000.0
5,4,1,2,280.6,DHA Islamabad,90204000.0
7,7,1,2,381.1,Johar Town Lahore,86521000.0
6,5,1,2,295.6,DHA Islamabad,87958000.0
7,5,2,2,372.7,Hayatabad Peshawar,54462000.0
7,6,2,1,339.5,F-10 Islamabad,140833000.0
7,5,1,2,427.7,Gulshan-e-Iqbal Karachi,80660000.0
6,5,1,2,334.2,Gulshan-e-Iqbal Karachi,62358000.0
10,8,2,1,567.9,Johar Town Lahore,155719000.0
5,4,2,2,291.1,Satellite Town Rawalpindi,56652000.0
2,1,1,1,68.6,Bahria Town Rawalpindi,11301000.0
4,4,1,1,187.6,F-10 Islamabad,61904000.0
7,6,2,2,330.3,F-10 Islamabad,123813000.0
7,6,2,1,351.9,Bahria Town Rawalpindi,84010000.0
6,5,1,2,358.3,Gulberg Lahore,125199000.0
8,6,1,1,445.9,Gulberg Lahore,160838000.0
2,1,1,2,208.3,Saddar Rawalpindi,27512000.0
9,7,2,1,419.0,Gulberg Lahore,159584000.0
8,5,1,1,440.2,Satellite Town Rawalpindi,84696000.0
6,3,2,1,282.1,Saddar Rawalpindi,41251000.0
6,5,2,2,277.2,Satellite Town Rawalpindi,54692000.0
2,2,1,1,156.6,Bahria Town Rawalpindi,25391000.0
4,3,1,1,283.6,Hayatabad Peshawar,34266000.0
10,9,1,2,484.9,Clifton Karachi,164477000.0
10,8,2,1,550.8,Hayatabad Peshawar,91002000.0
6,5,2,2,380.6,Gulberg Lahore,142110000.0
4,4,1,1,221.7,Hayatabad Peshawar,28322000.0
9,8,1,1,428.4,Clifton Karachi,141095000.0
9,8,2,1,459.7,DHA Islamabad,167002000.0
3,2,1,1,239.4,DHA Lahore,69916000.0
10,8,2,2,506.3,Bahria Town Rawalpindi,135477000.0
3,1,1,1,99.8,Hayatabad Peshawar,12812000.0
1,1,1,1,65.8,Gulberg Lahore,15696000.0
1,1,1,1,126.4,F-10 Islamabad,38527000.0
4,3,1,1,144.2,Clifton Karachi,39654000.0
10,8,2,1,534.6,DHA Lahore,206300000.0
4,2,1,1,289.5,Bahria Town Rawalpindi,51472000.0
4,2,1,1,208.5,Saddar Rawalpindi,30085000.0
8,6,1,2,291.7,Satellite Town Rawalpindi,56121000.0
5,4,2,2,273.2,Saddar Rawalpindi,40054000.0
3,2,1,1,222.8,Clifton Karachi,51881000.0
1,1,1,1,134.5,DHA Lahore,35960000.0
9,7,1,1,414.2,Johar Town Lahore,108301000.0
3,1,1,1,133.8,Johar Town Lahore,22913000.0
10,8,1,1,478.7,Bahria Town Rawalpindi,122393000.0
3,2,1,1,168.9,DHA Islamabad,42965000.0
10,8,1,2,454.9,F-10 Islamabad,213033000.0
8,6,1,1,495.0,DHA Lahore,183332000.0
2,2,1,1,127.7,Bahria Town Rawalpindi,19719000.0
2,2,1,1,106.8,Bahria Town Rawalpindi,18536000.0
10,8,1,1,572.8,Satellite Town Rawalpindi,113600000.0
6,4,2,2,310.0,DHA Lahore,105108000.0
7,6,2,2,400.3,Clifton Karachi,115341000.0
1,1,1,1,72.6,Johar Town Lahore,14066000.0
2,1,1,2,210.5,Saddar Rawalpindi,26967000.0
4,3,1,2,332.9,Saddar Rawalpindi,51061000.0
10,9,2,1,538.6,Gulberg Lahore,224213000.0
3,4,1,1,206.6,Satellite Town Rawalpindi,35724000.0
8,7,2,2,478.6,DHA Lahore,184111000.0
8,7,1,1,417.6,Satellite Town Rawalpindi,73325000.0
4,2,1,1,122.2,DHA Lahore,40563000.0
5,4,1,2,218.4,Bahria Town Rawalpindi,43091000.0
5,4,1,1,188.4,Saddar Rawalpindi,26779000.0
6,5,1,2,299.0,DHA Islamabad,98535000.0
8,8,2,2,403.1,Saddar Rawalpindi,72802000.0
6,5,1,1,294.0,DHA Islamabad,94648000.0
2,1,1,1,192.0,F-10 Islamabad,56781000.0
9,6,2,2,435.8,Clifton Karachi,168453000.0
4,4,1,2,375.6,Hayatabad Peshawar,50466000.0
6,5,1,2,340.4,DHA Lahore,132411000.0
7,6,2,2,359.4,Bahria Town Rawalpindi,83503000.0
2,1,1,1,179.8,F-10 Islamabad,60017000.0
7,6,1,1,427.4,Satellite Town Rawalpindi,78884000.0
7,5,1,2,269.3,Gulshan-e-Iqbal Karachi,52356000.0
6,5,2,2,256.3,Bahria Town Rawalpindi,57518000.0
2,1,1,1,140.9,DHA Lahore,42510000.0
6,5,1,2,382.3,F-10 Islamabad,154174000.0
6,4,2,1,385.4,Bahria Town Rawalpindi,81172000.0
5,2,1,2,243.8,Satellite Town Rawalpindi,38741000.0
9,7,1,1,524.3,Clifton Karachi,207454000.0
7,5,2,2,516.5,Bahria Town Rawalpindi,97231000.0
2,1,1,1,118.9,Gulshan-e-Iqbal Karachi,17251000.0
8,6,1,1,435.3,DHA Lahore,161144000.0
6,6,2,2,272.7,DHA Islamabad,84642000.0
10,8,1,1,599.8,DHA Lahore,253642000.0
3,3,1,1,181.5,F-10 Islamabad,57663000.0
6,5,1,1,211.5,F-10 Islamabad,95158000.0
5,5,2,2,298.7,Satellite Town Rawalpindi,48480000.0
4,4,1,2,205.1,Gulshan-e-Iqbal Karachi,32163000.0
7,6,1,2,433.7,Bahria Town Rawalpindi,86094000.0
7,6,1,2,319.7,Satellite Town Rawalpindi,61261000.0
2,1,1,1,179.3,Clifton Karachi,50027000.0
6,6,1,2,333.4,Satellite Town Rawalpindi,63785000.0
9,8,2,1,539.9,Saddar Rawalpindi,106075000.0
8,7,2,1,487.9,Gulberg Lahore,169240000.0
7,5,1,2,329.4,Johar Town Lahore,80850000.0
3,3,1,2,215.8,Johar Town Lahore,42737000.0
4,3,1,1,157.1,Gulshan-e-Iqbal Karachi,25743000.0
10,8,2,2,534.3,F-10 Islamabad,269817000.0
8,6,1,1,443.5,Gulberg Lahore,139024000.0
8,8,2,2,369.0,F-10 Islamabad,188672000.0
10,7,1,2,534.9,Gulberg Lahore,203841000.0
2,2,1,1,125.7,Bahria Town Rawalpindi,18778000.0
9,6,2,2,428.5,DHA Islamabad,142064000.0
5,4,1,1,177.0,Hayatabad Peshawar,24176000.0
2,1,1,1,125.1,DHA Islamabad,29868000.0
5,5,2,1,311.4,Satellite Town Rawalpindi,47021000.0
4,3,2,1,269.2,DHA Islamabad,77158000.0
10,9,2,1,568.2,Saddar Rawalpindi,99947000.0
5,3,1,2,234.9,Gulberg Lahore,77382000.0
9,7,2,1,500.0,Johar Town Lahore,118230000.0
6,5,1,1,464.4,Gulberg Lahore,178468000.0
7,6,1,1,420.7,Johar Town Lahore,102675000.0
10,8,2,1,557.0,DHA Lahore,237170000.0
5,5,1,2,280.3,Johar Town Lahore,65302000.0
5,4,1,1,270.4,DHA Lahore,79984000.0
2,2,1,1,146.9,Johar Town Lahore,26673000.0
5,3,1,1,208.9,Satellite Town Rawalpindi,38949000.0
10,8,2,1,535.1,DHA Lahore,219697000.0
6,6,2,1,316.2,Gulberg Lahore,108409000.0
5,3,1,1,244.3,Bahria Town Rawalpindi,44399000.0
4,4,1,1,176.7,Gulberg Lahore,60003000.0
6,5,2,2,321.9,Bahria Town Rawalpindi,65883000.0
7,7,1,1,447.0,F-10 Islamabad,170248000.0
4,4,1,2,214.8,Hayatabad Peshawar,34083000.0
9,7,1,1,469.2,DHA Islamabad,146071000.0
8,7,2,1,400.1,Johar Town Lahore,99280000.0
9,7,1,2,485.3,Satellite Town Rawalpindi,92137000.0
3,2,1,1,195.5,Hayatabad Peshawar,22753000.0
6,4,2,1,400.8,Bahria Town Rawalpindi,74427000.0
2,3,1,1,143.0,Bahria Town Rawalpindi,23745000.0
5,4,1,2,256.5,DHA Lahore,94570000.0
8,6,1,2,451.2,Clifton Karachi,136216000.0
6,5,2,2,401.1,Hayatabad Peshawar,64166000.0
2,2,1,1,161.4,F-10 Islamabad,56762000.0
7,6,2,2,523.5,Bahria Town Rawalpindi,117974000.0
1,1,1,1,88.8,F-10 Islamabad,27644000.0
7,3,2,2,381.4,Satellite Town Rawalpindi,70276000.0
10,8,1,2,591.3,DHA Islamabad,236664000.0
8,6,1,2,347.0,DHA Lahore,117882000.0
8,7,1,1,492.4,Bahria Town Rawalpindi,113912000.0
7,6,2,1,381.4,Bahria Town Rawalpindi,77428000.0
7,6,1,2,482.9,Hayatabad Peshawar,77230000.0
6,6,1,1,414.0,DHA Islamabad,124656000.0
7,6,1,1,433.2,Gulberg Lahore,157853000.0
3,4,1,1,183.0,Hayatabad Peshawar,20952000.0
8,7,1,1,460.6,Clifton Karachi,141963000.0
4,4,1,1,188.5,DHA Islamabad,53476000.0
10,8,2,2,589.5,Johar Town Lahore,175043000.0
3,1,1,1,183.0,Hayatabad Peshawar,22671000.0
3,4,1,1,187.8,DHA Lahore,62520000.0
8,6,2,2,523.7,Johar Town Lahore,138193000.0
2,2,1,1,191.2,Johar Town Lahore,34968000.0
3,2,1,2,254.9,Gulshan-e-Iqbal Karachi,41462000.0
9,8,1,2,445.9,F-10 Islamabad,193414000.0
2,1,1,1,145.7,Satellite Town Rawalpindi,20630000.0
1,1,1,1,145.9,Hayatabad Peshawar,16152000.0
6,5,1,1,322.6,Bahria Town Rawalpindi,62513000.0
2,2,1,1,191.6,Satellite Town Rawalpindi,28320000.0
5,5,1,1,187.3,Saddar Rawalpindi,27615000.0
1,1,1,1,65.0,Saddar Rawalpindi,7508000.0
5,4,2,1,260.0,DHA Lahore,88832000.0
5,5,1,1,231.9,Johar Town Lahore,51434000.0
1,2,1,1,76.8,Satellite Town Rawalpindi,10211000.0
7,6,2,1,395.5,Bahria Town Rawalpindi,87184000.0
8,6,2,1,398.4,Satellite Town Rawalpindi,74425000.0
2,1,1,1,98.2,Hayatabad Peshawar,11533000.0
5,5,1,2,231.2,Gulshan-e-Iqbal Karachi,38852000.0
8,7,1,2,531.3,Gulberg Lahore,210016000.0
7,6,1,1,374.4,Clifton Karachi,133728000.0
5,3,2,2,282.5,DHA Islamabad,77913000.0
6,4,2,1,311.2,Hayatabad Peshawar,45679000.0
4,4,1,1,172.5,Gulberg Lahore,58499000.0
10,8,1,1,498.4,DHA Islamabad,166962000.0
10,7,1,1,553.6,Saddar Rawalpindi,91579000.0
10,8,2,2,551.8,Gulshan-e-Iqbal Karachi,123572000.0
4,2,1,1,180.9,Clifton Karachi,46599000.0
6,6,1,2,227.8,DHA Islamabad,68885000.0
3,3,1,1,146.7,Saddar Rawalpindi,18518000.0
4,3,1,1,225.9,Gulshan-e-Iqbal Karachi,38330000.0
5,5,1,2,239.7,Saddar Rawalpindi,34842000.0
7,6,2,1,401.9,Satellite Town Rawalpindi,74442000.0
2,3,1,1,162.4,F-10 Islamabad,51549000.0
10,8,2,2,556.5,F-10 Islamabad,281728000.0
2,2,1,1,115.7,Hayatabad Peshawar,12915000.0
1,1,1,1,63.7,Johar Town Lahore,10204000.0
10,8,1,2,521.7,DHA Lahore,196912000.0
9,8,1,2,440.0,Gulberg Lahore,176994000.0
3,2,1,2,251.9,Gulshan-e-Iqbal Karachi,41402000.0
8,7,2,2,381.6,Saddar Rawalpindi,72009000.0
1,1,1,1,180.7,DHA Islamabad,40054000.0
2,1,1,1,150.9,Clifton Karachi,38688000.0
8,7,2,1,314.4,Hayatabad Peshawar,58046000.0
4,3,2,1,250.7,Gulberg Lahore,75244000.0
7,6,1,1,392.2,Gulberg Lahore,130809000.0
4,2,1,1,177.8,Satellite Town Rawalpindi,27962000.0
6,5,1,1,418.0,DHA Islamabad,133557000.0
9,7,2,1,474.1,DHA Lahore,198174000.0
3,2,1,1,150.0,Johar Town Lahore,27817000.0
3,1,1,1,83.7,Saddar Rawalpindi,10381000.0
4,3,1,2,297.4,Bahria Town Rawalpindi,54208000.0
8,7,2,1,478.0,DHA Lahore,178924000.0
7,6,1,2,411.4,Bahria Town Rawalpindi,80509000.0
7,5,1,2,439.0,Saddar Rawalpindi,79404000.0
6,5,1,1,277.5,Clifton Karachi,86267000.0
3,3,1,1,186.9,Johar Town Lahore,36193000.0
6,4,2,1,347.2,DHA Lahore,120150000.0
3,2,1,1,170.4,Bahria Town Rawalpindi,29374000.0
8,7,1,2,452.2,Hayatabad Peshawar,73523000.0
3,2,1,1,166.4,Gulshan-e-Iqbal Karachi,24625000.0
3,3,1,2,217.3,Gulberg Lahore,69961000.0
6,6,1,2,333.5,DHA Lahore,128224000.0
6,5,2,2,322.8,Gulshan-e-Iqbal Karachi,58526000.0
6,5,2,1,384.5,Gulshan-e-Iqbal Karachi,66250000.0
6,6,2,2,296.2,Johar Town Lahore,75695000.0
10,8,1,1,556.5,Gulberg Lahore,212598000.0
9,6,2,2,513.6,Gulshan-e-Iqbal Karachi,94247000.0
10,8,1,1,534.7,Gulshan-e-Iqbal Karachi,118599000.0
9,8,2,2,399.9,Clifton Karachi,142466000.0
9,8,1,1,402.9,DHA Islamabad,150017000.0
6,4,2,2,389.0,Johar Town Lahore,73076000.0
4,3,1,1,294.8,Clifton Karachi,83368000.0
3,3,1,1,233.9,Hayatabad Peshawar,31718000.0
8,6,2,2,379.7,Johar Town Lahore,94537000.0
1,1,1,1,73.8,Gulberg Lahore,20126000.0
1,2,1,1,64.0,Clifton Karachi,15548000.0
10,8,1,2,519.9,Bahria Town Rawalpindi,126745000.0
2,2,1,1,85.1,DHA Islamabad,21903000.0
7,5,1,1,343.4,Gulshan-e-Iqbal Karachi,63649000.0
8,6,2,1,392.1,Hayatabad Peshawar,69360000.0
2,2,1,1,167.0,Satellite Town Rawalpindi,27066000.0
10,8,1,2,543.7,Clifton Karachi,216910000.0
2,1,1,1,162.7,DHA Islamabad,43108000.0
10,6,2,2,537.6,Hayatabad Peshawar,82763000.0
8,7,1,2,472.0,DHA Lahore,180067000.0
3,3,1,1,190.0,Gulberg Lahore,49630000.0
1,2,1,1,141.4,Satellite Town Rawalpindi,18552000.0
3,3,1,2,230.8,Saddar Rawalpindi,29967000.0
5,4,2,2,274.9,Saddar Rawalpindi,41726000.0
1,1,1,1,192.7,Gulberg Lahore,46129000.0
10,8,1,2,599.4,Hayatabad Peshawar,100423000.0
3,3,1,1,184.0,DHA Lahore,57066000.0
10,8,2,2,508.5,Johar Town Lahore,126311000.0
3,4,1,1,145.9,Saddar Rawalpindi,22466000.0
10,7,1,1,589.3,Gulshan-e-Iqbal Karachi,108676000.0
3,1,1,1,181.8,Bahria Town Rawalpindi,33153000.0
5,5,2,2,287.7,Gulberg Lahore,81077000.0
8,6,1,2,361.6,Gulberg Lahore,129318000.0
1,2,1,1,125.0,Hayatabad Peshawar,13188000.0
8,7,1,2,501.1,Gulshan-e-Iqbal Karachi,94311000.0
3,4,1,1,208.3,DHA Lahore,75348000.0
5,5,1,1,356.6,Saddar Rawalpindi,52244000.0
7,5,2,2,356.8,Saddar Rawalpindi,53711000.0
7,4,1,2,385.4,DHA Lahore,144685000.0
3,3,1,1,90.0,DHA Lahore,27501000.0
4,2,1,1,151.1,Satellite Town Rawalpindi,24042000.0
5,5,1,1,147.0,Clifton Karachi,42920000.0
4,4,1,1,223.1,Bahria Town Rawalpindi,39194000.0
2,2,1,1,138.3,Gulshan-e-Iqbal Karachi,19399000.0
9,8,2,1,557.8,Clifton Karachi,217877000.0
7,6,1,2,337.0,Johar Town Lahore,79396000.0
7,5,1,1,396.7,Gulshan-e-Iqbal Karachi,66999000.0
5,5,2,2,253.0,Satellite Town Rawalpindi,45872000.0
3,3,1,1,209.2,Gulberg Lahore,61545000.0
6,5,2,1,331.7,DHA Lahore,124730000.0
4,3,1,2,218.9,F-10 Islamabad,76444000.0
5,5,1,2,245.6,Gulshan-e-Iqbal Karachi,43046000.0
5,3,1,2,304.5,DHA Lahore,105797000.0
7,6,1,2,333.1,Gulberg Lahore,109213000.0
10,9,1,1,591.5,Gulshan-e-Iqbal Karachi,132399000.0
2,1,1,1,180.6,DHA Lahore,52342000.0
7,6,1,2,323.5,Johar Town Lahore,71479000.0
1,1,1,1,140.7,DHA Lahore,36414000.0
5,4,1,2,249.0,F-10 Islamabad,93838000.0
6,5,1,2,447.3,Bahria Town Rawalpindi,88110000.0
2,1,1,1,154.2,Satellite Town Rawalpindi,23501000.0
5,5,1,1,373.9,Bahria Town Rawalpindi,71947000.0
5,3,2,1,285.0,Gulberg Lahore,91685000.0
2,2,1,1,87.9,Gulshan-e-Iqbal Karachi,12271000.0
8,6,1,2,563.9,Bahria Town Rawalpindi,123456000.0
5,4,2,1,283.3,Gulshan-e-Iqbal Karachi,53378000.0
8,7,2,2,483.3,Saddar Rawalpindi,83010000.0
7,6,1,1,284.8,Gulshan-e-Iqbal Karachi,50924000.0
10,9,2,2,566.2,Gulberg Lahore,215223000.0
3,3,1,1,216.9,DHA Islamabad,58842000.0
5,4,1,2,282.6,Satellite Town Rawalpindi,53559000.0
10,8,1,1,469.8,Gulberg Lahore,164199000.0
5,4,1,1,245.6,Saddar Rawalpindi,35950000.0
4,3,2,1,256.8,F-10 Islamabad,81647000.0
10,8,2,2,597.2,Bahria Town Rawalpindi,140023000.0
6,5,2,1,360.0,Saddar Rawalpindi,57436000.0
7,6,1,1,432.3,Hayatabad Peshawar,57205000.0
6,5,2,2,407.5,Satellite Town Rawalpindi,72541000.0
9,7,2,2,507.1,Saddar Rawalpindi,91811000.0
10,7,2,1,525.4,F-10 Islamabad,240582000.0
6,5,1,2,364.2,Hayatabad Peshawar,53907000.0
4,3,1,2,219.1,Gulshan-e-Iqbal Karachi,33526000.0
1,1,1,1,72.3,Bahria Town Rawalpindi,11727000.0
9,8,1,1,391.8,Bahria Town Rawalpindi,86137000.0
9,8,2,2,505.8,Satellite Town Rawalpindi,110720000.0
7,6,2,1,303.3,Gulberg Lahore,89694000.0
2,2,1,1,148.9,Saddar Rawalpindi,18780000.0
4,3,1,2,215.6,Bahria Town Rawalpindi,40405000.0
6,5,2,2,335.4,Gulberg Lahore,125907000.0
9,8,2,1,511.8,Gulberg Lahore,197522000.0
3,3,1,1,152.7,Gulberg Lahore,45283000.0
8,6,2,1,390.6,Gulshan-e-Iqbal Karachi,77560000.0
8,8,2,2,466.8,Hayatabad Peshawar,82868000.0
10,8,1,2,565.5,Hayatabad Peshawar,92459000.0
3,1,1,1,123.0,Saddar Rawalpindi,14350000.0
9,6,2,1,560.3,F-10 Islamabad,216806000.0
8,5,2,1,384.8,Hayatabad Peshawar,61127000.0
9,7,1,1,474.0,Johar Town Lahore,121199000.0
1,1,1,1,89.0,Clifton Karachi,22074000.0
4,4,2,2,333.3,Gulshan-e-Iqbal Karachi,54659000.0
7,6,2,1,396.2,Saddar Rawalpindi,65722000.0
4,4,1,1,225.7,Hayatabad Peshawar,30228000.0
7,6,2,1,293.1,Clifton Karachi,103059000.0
7,6,2,2,359.3,Clifton Karachi,114544000.0
8,6,1,2,358.4,Saddar Rawalpindi,52677000.0
1,2,1,1,82.6,F-10 Islamabad,24496000.0
5,3,1,1,297.3,Gulberg Lahore,83290000.0
4,3,1,1,175.5,Clifton Karachi,45926000.0
9,7,2,2,555.0,DHA Islamabad,218619000.0
10,9,2,1,587.4,Gulberg Lahore,197164000.0
5,4,1,2,221.8,Gulshan-e-Iqbal Karachi,39520000.0
3,2,1,1,154.6,Hayatabad Peshawar,20124000.0
3,2,1,1,178.5,Johar Town Lahore,36991000.0
5,5,1,2,318.0,DHA Lahore,114265000.0
10,8,1,1,532.2,DHA Lahore,240703000.0
7,7,1,2,330.0,Gulshan-e-Iqbal Karachi,71552000.0
2,2,1,1,89.9,Johar Town Lahore,16555000.0
1,1,1,1,81.5,DHA Islamabad,20443000.0
3,2,1,1,182.8,Johar Town Lahore,38589000.0
10,8,2,1,515.1,DHA Lahore,203287000.0
8,6,1,1,395.6,Gulshan-e-Iqbal Karachi,74070000.0
7,6,2,2,364.0,Satellite Town Rawalpindi,66826000.0
3,2,1,2,232.2,Hayatabad Peshawar,29919000.0
9,7,1,2,561.9,Clifton Karachi,176939000.0
4,3,1,2,238.8,Gulberg Lahore,80591000.0
8,7,1,1,510.9,DHA Lahore,205889000.0
10,8,1,2,543.8,Bahria Town Rawalpindi,134766000.0
5,5,1,1,321.0,Hayatabad Peshawar,37131000.0
10,8,2,1,542.9,Satellite Town Rawalpindi,105711000.0
6,7,1,1,209.5,Satellite Town Rawalpindi,42854000.0
6,5,2,1,415.6,Gulberg Lahore,138467000.0
4,4,1,1,107.5,Gulberg Lahore,29114000.0
6,4,2,1,315.9,Satellite Town Rawalpindi,56786000.0
4,4,1,1,177.4,Johar Town Lahore,38830000.0
1,1,1,1,93.9,Gulshan-e-Iqbal Karachi,13658000.0
2,2,1,1,62.0,Johar Town Lahore,11542000.0
4,3,1,1,235.4,DHA Lahore,81939000.0
7,6,2,2,378.3,Clifton Karachi,124331000.0
4,3,2,1,305.8,Saddar Rawalpindi,45180000.0
4,3,1,1,223.0,Gulberg Lahore,67744000.0
10,8,2,1,595.2,Saddar Rawalpindi,107326000.0
10,9,2,1,567.3,F-10 Islamabad,259715000.0
3,3,1,1,127.9,DHA Lahore,39118000.0
6,4,1,2,284.2,Hayatabad Peshawar,40328000.0
7,6,1,1,410.4,Hayatabad Peshawar,59813000.0
10,7,1,2,456.1,Hayatabad Peshawar,79116000.0
5,5,2,2,257.8,Gulberg Lahore,83037000.0
8,7,1,1,463.0,Satellite Town Rawalpindi,99809000.0
2,2,1,1,127.0,Hayatabad Peshawar,14479000.0
4,4,1,1,239.2,Hayatabad Peshawar,33605000.0
5,3,2,1,446.9,DHA Islamabad,139524000.0
7,6,2,2,397.9,Saddar Rawalpindi,66974000.0
8,7,1,2,512.1,Hayatabad Peshawar,81243000.0
3,2,1,1,85.3,Saddar Rawalpindi,10734000.0
4,3,1,1,154.2,F-10 Islamabad,52713000.0
2,1,1,1,86.2,Saddar Rawalpindi,10979000.0
3,3,1,1,163.7,Bahria Town Rawalpindi,28997000.0
1,1,1,1,62.3,Johar Town Lahore,11987000.0
5,4,2,1,332.3,Clifton Karachi,99888000.0
8,5,1,2,345.3,Johar Town Lahore,80701000.0
7,7,2,1,415.3,Gulshan-e-Iqbal Karachi,70714000.0
3,3,2,2,267.9,F-10 Islamabad,100225000.0
2,3,1,1,61.7,Clifton Karachi,17573000.0
9,8,1,2,423.9,Gulshan-e-Iqbal Karachi,93070000.0
3,2,1,1,89.3,Clifton Karachi,26377000.0
10,7,2,2,527.7,Gulberg Lahore,217516000.0
3,3,1,1,72.2,Gulberg Lahore,22365000.0
6,5,2,1,346.5,F-10 Islamabad,143652000.0
8,7,2,2,543.3,Johar Town Lahore,145167000.0
7,5,1,1,369.1,Clifton Karachi,105484000.0
8,8,1,1,388.5,Gulberg Lahore,132551000.0
8,7,2,1,428.1,DHA Lahore,153941000.0
2,1,1,1,126.1,Gulberg Lahore,37102000.0
7,7,1,2,424.5,F-10 Islamabad,170128000.0
9,7,2,1,535.4,Gulshan-e-Iqbal Karachi,103306000.0
10,8,2,1,586.1,Saddar Rawalpindi,106716000.0
7,5,2,1,299.2,Gulberg Lahore,94471000.0
4,4,1,2,246.0,Satellite Town Rawalpindi,42435000.0
9,6,1,2,466.8,Clifton Karachi,141554000.0
5,3,2,1,353.2,Bahria Town Rawalpindi,61973000.0
4,3,1,1,198.9,DHA Lahore,65053000.0
5,5,1,1,153.0,DHA Islamabad,41943000.0
1,1,1,1,151.9,DHA Islamabad,40291000.0
6,5,1,1,308.0,Gulberg Lahore,102511000.0
3,3,1,1,151.9,DHA Lahore,51383000.0
2,2,1,1,70.6,Saddar Rawalpindi,9320000.0
3,3,1,1,88.1,Bahria Town Rawalpindi,15643000.0
10,9,2,1,562.1,Satellite Town Rawalpindi,111775000.0
2,1,1,1,99.4,F-10 Islamabad,33712000.0
2,1,1,1,99.5,Bahria Town Rawalpindi,16830000.0
6,5,1,1,303.6,Gulshan-e-Iqbal Karachi,61848000.0
3,3,1,1,192.4,Saddar Rawalpindi,27647000.0
10,8,1,1,579.9,Clifton Karachi,210044000.0
10,9,2,1,551.9,Bahria Town Rawalpindi,136414000.0
5,4,2,1,278.6,Bahria Town Rawalpindi,56068000.0
5,4,2,2,302.3,DHA Lahore,114751000.0
4,3,1,1,262.6,DHA Lahore,92511000.0
1,1,1,1,80.4,Hayatabad Peshawar,8924000.0
3,4,1,2,218.1,Gulberg Lahore,60911000.0
3,3,1,1,126.2,F-10 Islamabad,37886000.0
3,2,1,1,115.3,Hayatabad Peshawar,12985000.0
8,7,1,2,362.9,Bahria Town Rawalpindi,77758000.0
1,2,1,1,113.3,DHA Islamabad,31267000.0
2,2,1,1,115.6,DHA Lahore,37979000.0
7,6,1,1,319.5,DHA Lahore,126833000.0
5,3,2,2,298.8,Clifton Karachi,100341000.0
2,1,1,1,134.3,Satellite Town Rawalpindi,18480000.0
1,2,1,1,62.4,Hayatabad Peshawar,6426000.0
4,4,1,1,164.2,Gulberg Lahore,47012000.0
5,4,1,1,187.4,Hayatabad Peshawar,21790000.0
10,8,2,1,492.1,Clifton Karachi,171521000.0
10,9,1,2,554.3,DHA Islamabad,198108000.0
4,4,2,2,279.2,Hayatabad Peshawar,38642000.0
7,6,2,2,278.7,Bahria Town Rawalpindi,61223000.0
9,7,2,2,444.7,Clifton Karachi,155996000.0
7,5,2,2,398.5,Saddar Rawalpindi,67611000.0
4,2,1,1,159.4,F-10 Islamabad,52652000.0
2,2,1,1,118.2,F-10 Islamabad,38627000.0
7,6,1,1,296.3,Johar Town Lahore,64387000.0
8,7,1,1,365.0,Satellite Town Rawalpindi,76306000.0
2,2,1,1,134.9,F-10 Islamabad,44137000.0
5,4,1,2,218.4,Gulshan-e-Iqbal Karachi,39458000.0
5,4,1,1,225.2,DHA Lahore,69846000.0
6,4,1,1,201.1,Bahria Town Rawalpindi,40141000.0
5,4,1,2,308.8,Gulshan-e-Iqbal Karachi,55404000.0
9,7,1,2,412.7,Satellite Town Rawalpindi,71342000.0
6,6,1,1,335.1,Clifton Karachi,118418000.0
2,1,1,1,168.8,Bahria Town Rawalpindi,25268000.0
2,1,1,1,115.6,Bahria Town Rawalpindi,19242000.0
9,6,2,1,503.8,DHA Lahore,224475000.0
5,4,1,2,318.8,Johar Town Lahore,74320000.0
2,2,1,1,93.6,Clifton Karachi,22399000.0
5,4,1,1,199.4,F-10 Islamabad,73424000.0
9,7,2,1,494.2,Johar Town Lahore,137191000.0
8,6,2,2,465.9,Gulberg Lahore,161133000.0
10,8,2,2,532.9,Gulshan-e-Iqbal Karachi,110657000.0
7,6,2,2,385.1,Saddar Rawalpindi,62345000.0
5,5,2,1,288.4,Gulshan-e-Iqbal Karachi,52853000.0
6,5,1,1,290.4,DHA Islamabad,79841000.0
3,3,1,1,164.8,Hayatabad Peshawar,21566000.0
6,4,1,2,411.4,DHA Islamabad,120724000.0
6,4,2,1,375.9,Hayatabad Peshawar,53190000.0
3,2,1,1,143.6,DHA Islamabad,37490000.0
10,9,1,1,538.3,Johar Town Lahore,149721000.0
6,5,1,1,259.0,Bahria Town Rawalpindi,52093000.0
3,3,1,1,86.9,Bahria Town Rawalpindi,16986000.0
4,3,1,2,237.1,Gulshan-e-Iqbal Karachi,41633000.0
10,6,2,1,529.7,Saddar Rawalpindi,87791000.0
9,7,1,1,555.2,Bahria Town Rawalpindi,137000000.0
6,6,2,2,324.8,Hayatabad Peshawar,49812000.0
9,8,2,2,576.4,Gulberg Lahore,227012000.0
10,9,1,2,532.6,Gulberg Lahore,225138000.0
10,8,1,1,505.6,Gulberg Lahore,181134000.0
10,6,1,2,524.2,Johar Town Lahore,121484000.0
4,2,2,1,266.2,Bahria Town Rawalpindi,48509000.0
9,7,1,1,468.5,DHA Lahore,178322000.0
6,5,2,1,371.8,F-10 Islamabad,169291000.0
7,6,1,1,448.6,DHA Islamabad,136900000.0
5,4,1,1,156.0,DHA Lahore,53035000.0
9,8,1,1,455.0,Gulshan-e-Iqbal Karachi,93366000.0
10,8,2,2,577.1,Saddar Rawalpindi,115715000.0
4,3,1,2,223.4,Gulberg Lahore,63737000.0
10,8,1,2,592.5,Gulberg Lahore,206060000.0
6,5,1,1,264.3,Saddar Rawalpindi,44694000.0
3,2,1,1,167.9,Gulshan-e-Iqbal Karachi,25826000.0
1,1,1,1,120.6,Satellite Town Rawalpindi,17878000.0
10,9,1,1,483.9,Satellite Town Rawalpindi,108093000.0
7,6,2,2,359.6,Satellite Town Rawalpindi,74022000.0
4,4,1,1,225.9,Hayatabad Peshawar,29024000.0
8,6,2,1,388.6,DHA Lahore,143543000.0
5,3,1,2,239.3,DHA Lahore,69488000.0
6,6,1,2,302.1,Gulberg Lahore,96802000.0
9,8,2,2,525.8,F-10 Islamabad,242252000.0
6,5,1,2,420.8,Saddar Rawalpindi,62683000.0
9,7,2,2,471.7,Gulshan-e-Iqbal Karachi,88867000.0
8,5,1,2,375.1,Saddar Rawalpindi,61901000.0
10,9,2,2,595.4,Bahria Town Rawalpindi,159997000.0
3,3,1,1,190.4,Johar Town Lahore,37648000.0
5,4,1,1,201.6,F-10 Islamabad,69228000.0
2,1,1,1,110.0,Satellite Town Rawalpindi,17338000.0
6,6,2,1,359.2,F-10 Islamabad,137887000.0
7,5,2,2,391.2,Bahria Town Rawalpindi,92109000.0
8,8,2,2,452.0,Clifton Karachi,162924000.0
3,2,1,1,241.1,Satellite Town Rawalpindi,37161000.0
1,1,1,1,66.6,Hayatabad Peshawar,8291000.0
8,6,1,1,401.4,Bahria Town Rawalpindi,78464000.0
10,8,1,1,599.3,Gulberg Lahore,214546000.0
5,5,1,1,219.1,Bahria Town Rawalpindi,42029000.0
5,5,1,1,159.3,Gulberg Lahore,51021000.0
5,5,1,1,212.2,Johar Town Lahore,55168000.0
6,5,2,2,289.7,Gulberg Lahore,93198000.0
3,2,1,1,195.5,DHA Islamabad,47111000.0
4,3,1,2,247.4,Johar Town Lahore,48092000.0
7,5,2,2,404.6,DHA Islamabad,134177000.0
5,5,1,2,246.3,F-10 Islamabad,98798000.0
6,6,1,2,273.9,DHA Islamabad,83249000.0
2,2,1,1,81.6,DHA Islamabad,21039000.0
10,7,1,1,555.7,DHA Lahore,256645000.0
6,6,1,2,279.7,Satellite Town Rawalpindi,51735000.0
6,5,1,2,237.2,Saddar Rawalpindi,37992000.0
3,2,1,1,106.7,Bahria Town Rawalpindi,20949000.0
7,7,2,2,402.5,DHA Islamabad,129882000.0
9,7,2,2,526.5,Gulberg Lahore,190462000.0
1,1,1,1,82.2,Gulshan-e-Iqbal Karachi,11153000.0
2,1,1,1,138.4,Saddar Rawalpindi,16726000.0
3,1,1,1,139.1,Satellite Town Rawalpindi,18108000.0
8,7,2,1,385.2,Gulberg Lahore,143211000.0
9,7,2,1,557.5,Bahria Town Rawalpindi,129400000.0
5,4,1,2,296.4,DHA Islamabad,87469000.0
5,4,1,2,245.7,Bahria Town Rawalpindi,48858000.0
8,6,2,1,473.6,DHA Islamabad,161700000.0
9,7,1,1,461.0,Satellite Town Rawalpindi,83180000.0
3,3,1,1,193.2,F-10 Islamabad,67988000.0
2,1,1,1,146.8,Satellite Town Rawalpindi,22087000.0
5,4,1,1,253.2,Clifton Karachi,68620000.0
9,9,2,2,478.8,Johar Town Lahore,141917000.0
7,5,2,2,435.3,Johar Town Lahore,94826000.0
7,6,1,2,419.6,Satellite Town Rawalpindi,72979000.0
10,9,2,1,507.9,DHA Islamabad,190834000.0
3,2,1,1,209.7,Bahria Town Rawalpindi,37714000.0
3,3,1,1,243.4,DHA Lahore,80469000.0
1,1,1,1,82.9,DHA Lahore,24156000.0
9,7,2,1,529.1,Clifton Karachi,185161000.0
5,4,1,2,374.5,Saddar Rawalpindi,56415000.0
4,3,1,2,221.0,Clifton Karachi,63886000.0
3,2,1,1,97.5,F-10 Islamabad,33214000.0
7,4,2,2,450.6,Gulberg Lahore,155945000.0
8,7,1,1,464.3,Saddar Rawalpindi,75405000.0
10,9,1,1,419.7,F-10 Islamabad,189881000.0
3,3,1,1,170.0,Johar Town Lahore,29384000.0
10,8,2,1,553.1,Johar Town Lahore,155684000.0
8,7,2,2,466.7,Saddar Rawalpindi,82684000.0
8,5,2,2,415.2,Gulshan-e-Iqbal Karachi,67106000.0
9,8,1,1,411.5,Johar Town Lahore,111413000.0
9,7,2,1,548.4,Gulberg Lahore,205743000.0
9,9,2,1,561.3,DHA Lahore,219494000.0
6,5,2,2,381.6,DHA Lahore,130187000.0
5,5,1,1,285.0,F-10 Islamabad,103395000.0
3,2,2,2,256.4,Clifton Karachi,68601000.0
9,9,1,1,502.3,F-10 Islamabad,215201000.0
7,5,2,1,408.1,Gulshan-e-Iqbal Karachi,84598000.0
3,3,1,1,101.7,Saddar Rawalpindi,14178000.0
2,2,1,1,136.8,Hayatabad Peshawar,18565000.0
10,8,2,1,546.1,Bahria Town Rawalpindi,132026000.0
8,7,1,1,537.6,Saddar Rawalpindi,94180000.0
10,8,1,1,574.0,DHA Islamabad,193251000.0
4,1,2,1,291.0,Gulberg Lahore,84157000.0
8,7,2,1,483.4,Bahria Town Rawalpindi,107445000.0
10,8,1,2,507.2,Bahria Town Rawalpindi,125964000.0
5,5,1,1,230.5,Bahria Town Rawalpindi,45097000.0
2,2,1,1,138.5,DHA Islamabad,36522000.0
10,9,2,1,598.4,Satellite Town Rawalpindi,130732000.0
1,1,1,1,76.3,DHA Islamabad,18160000.0
8,5,1,1,382.6,DHA Lahore,138829000.0
6,5,2,1,411.1,Gulshan-e-Iqbal Karachi,70829000.0
8,6,1,2,428.2,Hayatabad Peshawar,71302000.0
2,2,1,1,198.0,Satellite Town Rawalpindi,28786000.0
8,7,2,1,449.7,Bahria Town Rawalpindi,102834000.0
3,3,1,1,176.9,Hayatabad Peshawar,21935000.0
9,7,2,1,507.7,Gulshan-e-Iqbal Karachi,110043000.0
4,3,1,1,178.3,Bahria Town Rawalpindi,28053000.0
7,5,2,2,436.2,DHA Lahore,167720000.0
9,6,1,1,483.0,Hayatabad Peshawar,68735000.0
4,3,1,1,162.0,DHA Lahore,53684000.0
2,1,1,1,188.5,F-10 Islamabad,59416000.0
8,5,1,2,480.7,Satellite Town Rawalpindi,81776000.0
2,2,1,1,106.4,Hayatabad Peshawar,12944000.0
4,4,1,1,163.0,Hayatabad Peshawar,21855000.0
7,6,2,2,306.0,Hayatabad Peshawar,46239000.0
10,8,2,1,562.3,Satellite Town Rawalpindi,117218000.0
6,4,1,1,363.4,DHA Lahore,127898000.0
4,3,2,1,269.3,F-10 Islamabad,105355000.0
10,7,2,2,588.3,Clifton Karachi,216715000.0
5,4,2,1,310.4,F-10 Islamabad,126152000.0
5,3,1,1,294.2,Johar Town Lahore,61609000.0
5,4,1,1,282.3,Gulshan-e-Iqbal Karachi,52188000.0
5,4,1,1,228.6,Hayatabad Peshawar,30485000.0
4,3,1,2,235.9,Gulberg Lahore,68946000.0
7,6,2,1,431.4,F-10 Islamabad,165606000.0
2,2,1,1,82.1,Saddar Rawalpindi,10535000.0
5,5,2,2,428.2,DHA Islamabad,125649000.0
2,1,1,1,168.7,Clifton Karachi,48262000.0
4,3,2,2,267.5,Saddar Rawalpindi,36406000.0
4,4,1,1,139.1,Clifton Karachi,39326000.0
6,5,2,2,358.5,DHA Lahore,137102000.0
8,8,1,2,453.8,Satellite Town Rawalpindi,98796000.0
5,5,1,1,251.5,DHA Lahore,91609000.0
2,2,1,1,148.2,Gulshan-e-Iqbal Karachi,23646000.0
3,2,1,1,182.3,Johar Town Lahore,35134000.0
9,7,2,2,501.8,DHA Islamabad,177258000.0
3,2,1,1,204.5,Johar Town Lahore,45220000.0
8,6,1,1,478.3,DHA Islamabad,176636000.0
3,2,1,2,238.8,Hayatabad Peshawar,31298000.0
2,1,1,1,161.9,Clifton Karachi,45455000.0
8,7,1,1,452.7,DHA Lahore,186463000.0
6,6,1,2,313.0,Johar Town Lahore,66976000.0
1,1,1,1,76.9,Clifton Karachi,19357000.0
10,8,2,2,578.4,F-10 Islamabad,299420000.0
3,3,1,1,139.8,Gulberg Lahore,42964000.0
6,5,2,2,250.8,DHA Lahore,91773000.0
5,4,2,1,267.8,F-10 Islamabad,112359000.0
7,6,2,1,324.3,Saddar Rawalpindi,54492000.0
10,8,2,2,484.1,Bahria Town Rawalpindi,123053000.0
1,1,1,1,63.3,Satellite Town Rawalpindi,9109000.0
9,7,1,2,563.5,Gulberg Lahore,220267000.0
6,4,2,1,408.8,Clifton Karachi,135841000.0
10,7,1,2,573.4,Bahria Town Rawalpindi,146213000.0
10,8,1,2,501.4,DHA Lahore,231663000.0
9,8,2,2,561.0,Saddar Rawalpindi,98177000.0
6,5,2,1,384.5,F-10 Islamabad,156718000.0
4,2,2,1,252.9,Bahria Town Rawalpindi,50105000.0
7,6,1,1,299.2,Johar Town Lahore,69836000.0
6,6,2,2,415.3,Bahria Town Rawalpindi,80173000.0
3,1,1,1,290.5,Gulberg Lahore,75797000.0
10,9,1,2,455.1,DHA Lahore,183122000.0
2,1,1,1,109.6,Clifton Karachi,27640000.0
10,8,1,1,508.2,Gulshan-e-Iqbal Karachi,99701000.0
3,3,1,1,170.3,Gulshan-e-Iqbal Karachi,28611000.0
10,9,1,2,569.7,Satellite Town Rawalpindi,119420000.0
1,2,1,1,144.0,DHA Islamabad,39114000.0
2,2,1,1,129.7,Gulberg Lahore,33121000.0
9,6,1,1,498.4,DHA Islamabad,164297000.0
7,4,2,1,502.1,DHA Islamabad,159113000.0
8,7,1,1,458.9,F-10 Islamabad,207253000.0
10,9,2,1,578.7,Clifton Karachi,240474000.0
3,2,1,2,206.1,Satellite Town Rawalpindi,30939000.0
9,7,1,1,506.4,Saddar Rawalpindi,93291000.0
4,3,2,2,250.1,Gulshan-e-Iqbal Karachi,36905000.0
5,4,2,1,350.2,Saddar Rawalpindi,55547000.0
6,6,1,2,300.6,Bahria Town Rawalpindi,56959000.0
1,1,1,1,63.2,Satellite Town Rawalpindi,9135000.0
5,4,2,1,370.2,Satellite Town Rawalpindi,68909000.0
8,8,2,2,463.7,Bahria Town Rawalpindi,113854000.0
3,1,1,1,154.3,Johar Town Lahore,25816000.0
10,8,2,2,563.1,Satellite Town Rawalpindi,116184000.0
4,2,2,2,346.4,Johar Town Lahore,75343000.0
4,3,1,1,156.3,Satellite Town Rawalpindi,26410000.0
6,5,2,2,408.8,Hayatabad Peshawar,61256000.0
3,3,1,1,163.6,Johar Town Lahore,27483000.0
1,1,1,1,94.3,DHA Islamabad,24849000.0
7,5,2,2,430.1,Gulberg Lahore,165686000.0
3,2,1,1,119.8,F-10 Islamabad,40778000.0
3,2,1,1,117.4,Johar Town Lahore,23108000.0
9,8,2,1,459.6,Clifton Karachi,175981000.0
2,2,1,1,89.8,Johar Town Lahore,18620000.0
9,8,2,1,497.3,F-10 Islamabad,228761000.0
7,6,1,1,489.9,Gulberg Lahore,167824000.0
2,1,1,1,136.4,Gulshan-e-Iqbal Karachi,20264000.0
6,6,2,1,339.9,DHA Islamabad,108624000.0
3,3,1,1,112.2,F-10 Islamabad,38685000.0
7,7,1,1,401.6,Satellite Town Rawalpindi,66782000.0
2,2,1,1,94.0,Bahria Town Rawalpindi,16396000.0
10,9,1,1,570.0,DHA Lahore,259965000.0
4,3,1,1,172.2,F-10 Islamabad,65442000.0
8,6,1,2,428.8,Bahria Town Rawalpindi,100287000.0
3,3,1,1,129.3,DHA Lahore,40378000.0
1,1,1,1,173.2,Johar Town Lahore,31080000.0
4,3,1,1,303.5,Bahria Town Rawalpindi,60093000.0
4,2,1,2,369.5,DHA Islamabad,109028000.0
10,8,2,1,599.4,Bahria Town Rawalpindi,157496000.0
2,1,1,1,74.0,Gulshan-e-Iqbal Karachi,10207000.0
2,3,1,1,60.2,Satellite Town Rawalpindi,8725000.0
4,4,1,2,249.2,Bahria Town Rawalpindi,46343000.0
4,3,1,1,257.7,Gulberg Lahore,72454000.0
10,7,1,2,537.3,Gulberg Lahore,187716000.0
10,7,2,2,552.8,Gulberg Lahore,223005000.0
10,8,1,2,535.5,F-10 Islamabad,254330000.0
3,2,1,1,137.3,DHA Islamabad,37044000.0
5,5,1,2,282.5,Johar Town Lahore,64638000.0
10,7,1,1,462.8,Gulberg Lahore,157588000.0
4,5,1,1,228.8,Gulberg Lahore,69653000.0
7,5,1,1,418.1,F-10 Islamabad,164213000.0
3,1,1,1,188.1,Hayatabad Peshawar,22530000.0
3,4,1,2,234.6,Clifton Karachi,62000000.0
9,8,2,1,524.6,DHA Lahore,201620000.0
2,1,1,1,195.3,F-10 Islamabad,60285000.0
10,8,1,1,580.7,Saddar Rawalpindi,111902000.0
5,4,1,2,225.4,Satellite Town Rawalpindi,39591000.0
3,2,1,1,72.7,DHA Islamabad,20660000.0
2,1,1,1,197.6,Hayatabad Peshawar,22691000.0
5,2,1,1,152.5,Gulshan-e-Iqbal Karachi,24699000.0
4,3,2,2,333.7,Bahria Town Rawalpindi,65460000.0
1,2,1,1,120.9,Saddar Rawalpindi,14897000.0
7,7,2,1,398.1,Bahria Town Rawalpindi,83155000.0
10,8,2,1,532.4,DHA Islamabad,173599000.0
5,3,2,1,255.8,Bahria Town Rawalpindi,46867000.0
3,3,1,1,151.0,Johar Town Lahore,31733000.0
4,4,2,2,276.0,Clifton Karachi,92454000.0
7,6,2,1,484.4,DHA Lahore,173201000.0
8,5,2,1,379.4,Bahria Town Rawalpindi,71689000.0
3,5,1,1,114.6,F-10 Islamabad,44103000.0
8,7,1,1,350.1,Satellite Town Rawalpindi,68333000.0
6,5,2,1,312.8,Hayatabad Peshawar,40961000.0
2,1,1,2,236.6,Saddar Rawalpindi,23703000.0
1,1,1,1,119.5,Bahria Town Rawalpindi,17712000.0
10,8,2,2,589.8,Satellite Town Rawalpindi,121556000.0
2,2,1,1,155.1,Gulshan-e-Iqbal Karachi,21171000.0
2,2,1,1,164.1,Johar Town Lahore,32359000.0
1,1,1,1,138.6,Bahria Town Rawalpindi,20780000.0
8,7,1,1,367.9,Hayatabad Peshawar,57222000.0
6,5,1,2,299.6,DHA Lahore,126292000.0
4,3,1,1,194.8,DHA Islamabad,54883000.0
5,4,2,2,291.9,F-10 Islamabad,111787000.0
8,7,2,1,423.7,DHA Lahore,166063000.0
3,1,1,2,212.1,DHA Islamabad,58600000.0
10,7,1,1,554.2,Gulberg Lahore,218299000.0
2,2,1,1,225.4,Johar Town Lahore,39424000.0
1,1,1,1,167.0,Hayatabad Peshawar,18200000.0
10,8,2,1,575.5,DHA Islamabad,199685000.0
10,9,1,1,497.7,Clifton Karachi,185068000.0
3,2,1,1,245.3,Hayatabad Peshawar,33863000.0
8,5,2,1,514.4,Saddar Rawalpindi,88245000.0
6,5,2,1,340.2,Hayatabad Peshawar,48912000.0
6,5,1,2,247.2,Bahria Town Rawalpindi,55061000.0
10,8,1,1,513.4,Saddar Rawalpindi,93317000.0
9,8,1,1,466.2,Hayatabad Peshawar,66860000.0
4,4,1,1,220.9,Gulberg Lahore,75946000.0
7,6,1,1,387.6,Johar Town Lahore,90320000.0
5,3,2,2,259.5,Johar Town Lahore,47534000.0
1,1,1,1,60.6,Johar Town Lahore,9555000.0
10,8,1,1,579.4,Gulberg Lahore,241545000.0
5,4,1,1,356.8,Hayatabad Peshawar,43019000.0
8,7,1,2,383.2,Hayatabad Peshawar,66172000.0
7,6,1,2,383.9,DHA Lahore,145953000.0
6,5,2,1,357.3,Saddar Rawalpindi,58776000.0
2,1,1,1,216.6,DHA Lahore,61586000.0
10,9,2,1,584.7,Saddar Rawalpindi,112274000.0
8,7,1,1,395.7,Clifton Karachi,141423000.0
7,6,2,1,422.3,Johar Town Lahore,100825000.0
6,5,1,2,305.6,Bahria Town Rawalpindi,57931000.0
3,2,1,1,215.4,Gulshan-e-Iqbal Karachi,33790000.0
2,1,1,1,94.7,Gulberg Lahore,22345000.0
3,2,1,1,249.1,F-10 Islamabad,89323000.0
3,3,1,1,155.1,F-10 Islamabad,54221000.0
8,6,1,2,417.5,Hayatabad Peshawar,66733000.0
10,8,1,2,534.7,Bahria Town Rawalpindi,103940000.0
3,2,1,2,223.5,Saddar Rawalpindi,27835000.0
4,2,1,2,239.8,Satellite Town Rawalpindi,37119000.0
8,7,1,1,422.0,DHA Islamabad,148787000.0
2,1,1,1,140.6,Clifton Karachi,34217000.0
10,8,1,2,561.9,Clifton Karachi,250280000.0
7,5,2,2,256.5,Gulberg Lahore,88465000.0
1,2,1,1,114.6,Gulshan-e-Iqbal Karachi,15335000.0
4,4,1,1,154.3,DHA Lahore,50263000.0
9,7,1,1,563.7,DHA Lahore,209149000.0
4,4,1,1,193.4,DHA Lahore,58544000.0
8,6,2,1,417.6,Saddar Rawalpindi,74992000.0
2,1,1,1,144.3,Clifton Karachi,38956000.0
2,1,1,1,164.8,DHA Lahore,49438000.0
8,6,2,1,534.8,Hayatabad Peshawar,90184000.0
2,1,1,1,139.9,Saddar Rawalpindi,18153000.0
2,2,1,1,70.1,Hayatabad Peshawar,7708000.0
5,4,1,2,330.7,Saddar Rawalpindi,51887000.0
10,8,2,2,525.9,DHA Lahore,206355000.0
3,3,1,2,236.0,Saddar Rawalpindi,31586000.0
2,2,1,1,129.2,Gulberg Lahore,35702000.0
10,7,2,2,590.4,F-10 Islamabad,268993000.0
8,6,2,2,425.4,DHA Lahore,146234000.0
9,8,1,1,519.4,Hayatabad Peshawar,78440000.0
7,5,1,2,466.2,Clifton Karachi,155194000.0
7,6,1,1,437.1,DHA Lahore,155633000.0
4,2,1,1,267.7,Johar Town Lahore,57609000.0
3,2,1,1,235.1,Gulberg Lahore,73256000.0
9,8,1,2,447.2,Gulshan-e-Iqbal Karachi,84684000.0
8,7,1,1,447.0,Gulberg Lahore,162769000.0
8,5,1,2,573.3,Clifton Karachi,217511000.0
6,5,1,2,367.1,DHA Lahore,131451000.0
5,5,1,1,219.1,Gulberg Lahore,68837000.0
5,6,1,2,324.3,Hayatabad Peshawar,49518000.0
9,8,2,1,391.4,Gulberg Lahore,147261000.0
4,2,2,2,290.4,DHA Islamabad,89631000.0
9,8,1,1,487.2,DHA Lahore,189106000.0
8,8,2,2,375.7,Johar Town Lahore,93854000.0
2,1,1,1,65.1,Bahria Town Rawalpindi,11270000.0
5,5,2,2,367.7,Gulberg Lahore,123903000.0
6,4,1,2,402.1,Bahria Town Rawalpindi,81283000.0
10,8,1,2,554.2,Johar Town Lahore,127724000.0
4,1,2,2,283.4,Gulshan-e-Iqbal Karachi,44155000.0
8,6,1,2,370.2,Hayatabad Peshawar,60775000.0
5,4,2,2,316.5,DHA Lahore,104997000.0
6,5,1,2,347.1,Satellite Town Rawalpindi,65814000.0
1,1,1,1,96.3,F-10 Islamabad,30285000.0
9,7,2,1,544.5,Saddar Rawalpindi,93881000.0
9,7,2,2,551.6,Clifton Karachi,222623000.0
7,6,1,2,356.0,Saddar Rawalpindi,56918000.0
7,6,2,1,360.5,Saddar Rawalpindi,57940000.0
2,2,1,1,91.1,Johar Town Lahore,16879000.0
6,5,1,2,382.9,F-10 Islamabad,153116000.0
4,4,1,2,291.7,Johar Town Lahore,65416000.0
8,6,2,2,442.9,Satellite Town Rawalpindi,78056000.0
1,2,1,1,85.4,Hayatabad Peshawar,10442000.0
9,8,1,1,443.9,Hayatabad Peshawar,72251000.0
4,3,1,1,214.9,Bahria Town Rawalpindi,40800000.0
7,5,2,1,411.9,Clifton Karachi,160352000.0
8,7,2,1,398.6,Bahria Town Rawalpindi,85926000.0
3,3,1,1,182.5,Gulshan-e-Iqbal Karachi,26154000.0
4,4,2,2,297.8,Hayatabad Peshawar,41298000.0
8,5,2,2,511.2,DHA Islamabad,175017000.0
8,7,2,2,387.0,Gulshan-e-Iqbal Karachi,82229000.0
2,1,1,1,97.1,Hayatabad Peshawar,10823000.0
4,3,2,1,299.2,Satellite Town Rawalpindi,46283000.0
5,5,1,1,228.4,DHA Lahore,70635000.0
7,5,1,2,406.5,Bahria Town Rawalpindi,77173000.0
6,4,2,2,391.9,Hayatabad Peshawar,54785000.0
1,1,1,1,65.6,Hayatabad Peshawar,7302000.0
8,7,1,1,388.2,Clifton Karachi,155338000.0
6,5,2,1,456.8,Hayatabad Peshawar,58230000.0
8,5,1,2,475.1,DHA Islamabad,159934000.0
2,1,1,1,91.8,Clifton Karachi,22715000.0
6,5,1,2,224.0,DHA Islamabad,71266000.0
6,4,1,1,287.5,Hayatabad Peshawar,38469000.0
2,2,1,1,157.1,Gulshan-e-Iqbal Karachi,25016000.0
7,6,1,1,287.2,Hayatabad Peshawar,45814000.0
1,1,1,1,98.4,Clifton Karachi,24647000.0
2,3,1,1,121.1,DHA Islamabad,35189000.0
8,7,1,1,421.1,DHA Islamabad,149327000.0
3,3,1,1,201.8,Gulberg Lahore,64799000.0
9,8,1,2,444.2,Saddar Rawalpindi,78866000.0
1,1,1,1,86.0,Bahria Town Rawalpindi,14577000.0
7,5,1,2,363.9,Satellite Town Rawalpindi,63780000.0
3,2,1,2,271.4,F-10 Islamabad,87468000.0
9,8,2,1,490.4,Johar Town Lahore,147118000.0
8,6,1,1,483.3,F-10 Islamabad,187168000.0
6,6,2,1,262.8,Johar Town Lahore,59542000.0
7,5,1,1,396.3,DHA Lahore,125249000.0
5,4,1,1,182.9,DHA Islamabad,50548000.0
7,5,2,1,373.4,Clifton Karachi,115851000.0
2,1,1,1,103.9,Saddar Rawalpindi,12421000.0
6,6,2,1,294.7,Hayatabad Peshawar,44409000.0
4,3,1,1,158.7,Gulberg Lahore,49569000.0
10,8,2,1,537.0,Satellite Town Rawalpindi,104827000.0
3,2,1,2,300.2,Satellite Town Rawalpindi,44249000.0
6,5,2,1,379.0,Hayatabad Peshawar,58963000.0
6,5,1,1,254.6,DHA Lahore,101317000.0
3,2,1,1,215.9,Satellite Town Rawalpindi,35940000.0
4,3,1,1,169.6,Clifton Karachi,43547000.0
10,8,1,1,552.4,DHA Islamabad,214707000.0
8,7,1,2,491.7,F-10 Islamabad,241066000.0
1,1,1,1,132.0,Gulshan-e-Iqbal Karachi,16310000.0
8,6,1,1,463.2,Bahria Town Rawalpindi,107591000.0
7,5,1,2,286.0,DHA Lahore,107636000.0
1,1,1,1,68.3,Saddar Rawalpindi,8113000.0
5,3,2,2,345.3,Bahria Town Rawalpindi,67716000.0
1,1,1,1,130.2,Johar Town Lahore,23852000.0
4,3,1,1,173.4,F-10 Islamabad,66485000.0
8,7,2,2,435.9,Johar Town Lahore,119116000.0
3,2,1,1,198.9,F-10 Islamabad,59875000.0
10,8,1,1,541.6,Hayatabad Peshawar,85620000.0
8,6,2,1,414.9,DHA Islamabad,140059000.0
8,7,1,2,509.4,Hayatabad Peshawar,89236000.0
6,4,1,1,392.2,Saddar Rawalpindi,47852000.0
10,8,2,2,529.2,Satellite Town Rawalpindi,107896000.0
5,4,2,1,255.3,Satellite Town Rawalpindi,39331000.0
5,4,1,2,356.5,F-10 Islamabad,122335000.0
4,3,2,1,338.6,Hayatabad Peshawar,47559000.0
9,7,1,2,548.0,Clifton Karachi,191613000.0
1,1,1,1,149.1,Hayatabad Peshawar,13992000.0
5,4,1,1,372.2,Satellite Town Rawalpindi,62380000.0
7,7,1,1,467.4,Clifton Karachi,182388000.0
4,3,1,1,259.8,DHA Lahore,73197000.0
9,6,1,2,528.5,Bahria Town Rawalpindi,123018000.0
6,5,2,2,261.4,Bahria Town Rawalpindi,60417000.0
3,3,1,1,153.6,DHA Lahore,47983000.0
7,6,2,2,375.4,Saddar Rawalpindi,70894000.0
6,5,1,2,287.1,Johar Town Lahore,62697000.0
1,1,1,1,68.2,Johar Town Lahore,13343000.0
2,1,1,1,97.7,F-10 Islamabad,33752000.0
3,4,1,1,165.4,Clifton Karachi,47690000.0
9,7,2,1,475.4,Gulshan-e-Iqbal Karachi,85934000.0
10,9,2,2,541.7,Hayatabad Peshawar,87344000.0
7,4,2,1,354.6,Saddar Rawalpindi,46632000.0
1,1,1,1,117.0,Clifton Karachi,30767000.0
7,6,2,2,348.6,Hayatabad Peshawar,55321000.0
9,7,2,2,522.0,DHA Lahore,214955000.0
9,8,2,1,464.7,Hayatabad Peshawar,75743000.0
3,2,1,2,217.2,DHA Lahore,74204000.0
1,1,1,1,126.9,Bahria Town Rawalpindi,20591000.0
10,8,1,1,546.4,DHA Lahore,217414000.0
10,7,1,1,521.2,Bahria Town Rawalpindi,121298000.0
2,3,1,1,89.0,Bahria Town Rawalpindi,17559000.0
10,9,2,2,504.8,Satellite Town Rawalpindi,114177000.0
2,1,1,1,112.5,Saddar Rawalpindi,13727000.0
2,1,1,1,94.2,F-10 Islamabad,29896000.0
8,6,2,2,469.6,Satellite Town Rawalpindi,95279000.0
7,6,2,2,349.6,DHA Islamabad,112920000.0
6,5,1,2,283.9,Gulberg Lahore,92357000.0
10,8,1,1,548.1,Gulshan-e-Iqbal Karachi,113364000.0
9,7,2,1,513.2,Gulberg Lahore,213833000.0
3,2,1,1,91.1,Saddar Rawalpindi,12751000.0
7,7,2,1,392.7,Satellite Town Rawalpindi,73521000.0
9,7,2,2,477.0,DHA Islamabad,179594000.0
7,7,2,2,357.3,DHA Islamabad,121293000.0
10,9,2,1,590.8,Hayatabad Peshawar,103468000.0
7,6,2,2,430.5,Johar Town Lahore,106548000.0
2,1,1,1,116.2,Johar Town Lahore,18164000.0
3,2,1,1,167.1,Johar Town Lahore,25473000.0
10,8,1,2,506.2,DHA Lahore,215965000.0
10,8,1,1,598.2,Gulshan-e-Iqbal Karachi,116444000.0
1,1,1,1,113.1,Clifton Karachi,25277000.0
3,3,1,1,114.2,Bahria Town Rawalpindi,19117000.0
9,8,2,1,472.2,Clifton Karachi,185984000.0
3,3,1,1,94.8,Gulshan-e-Iqbal Karachi,15224000.0
1,1,1,1,97.0,Bahria Town Rawalpindi,16255000.0
10,7,2,1,540.0,DHA Lahore,229798000.0
9,7,1,2,492.2,Saddar Rawalpindi,80533000.0
10,9,2,2,536.0,Clifton Karachi,220506000.0
7,6,1,1,411.3,Bahria Town Rawalpindi,90252000.0
5,4,1,2,234.2,DHA Islamabad,69441000.0
10,8,2,2,549.4,Clifton Karachi,211511000.0
5,4,1,2,221.3,Johar Town Lahore,51039000.0
4,4,1,1,208.8,Hayatabad Peshawar,26113000.0
9,7,1,2,538.7,Johar Town Lahore,148136000.0
9,7,1,1,427.6,Hayatabad Peshawar,70685000.0
9,8,2,1,543.7,F-10 Islamabad,245829000.0
4,3,1,1,144.2,DHA Lahore,51484000.0
10,8,2,2,574.2,Bahria Town Rawalpindi,126062000.0
8,6,1,1,390.9,Clifton Karachi,129715000.0
8,6,2,2,420.7,F-10 Islamabad,173199000.0
10,8,2,1,553.6,Johar Town Lahore,150947000.0
5,4,1,2,265.6,Gulberg Lahore,92604000.0
9,7,2,1,448.6,F-10 Islamabad,185398000.0
7,6,2,2,405.8,Bahria Town Rawalpindi,108730000.0
10,9,1,1,485.4,Johar Town Lahore,123563000.0
10,9,1,1,544.3,Hayatabad Peshawar,94094000.0
7,7,2,1,427.2,F-10 Islamabad,181202000.0
4,2,1,1,96.5,DHA Lahore,30504000.0
3,2,1,1,158.9,F-10 Islamabad,50518000.0
9,7,1,1,575.1,Saddar Rawalpindi,106473000.0
10,8,1,2,583.1,DHA Lahore,230252000.0
10,8,2,2,582.4,Hayatabad Peshawar,86953000.0
3,2,1,1,79.9,F-10 Islamabad,24773000.0
6,5,1,1,266.5,DHA Islamabad,90423000.0
10,8,2,2,470.2,Clifton Karachi,196064000.0
10,7,1,1,466.6,Gulshan-e-Iqbal Karachi,81504000.0
2,3,1,1,106.4,Hayatabad Peshawar,13697000.0
7,6,1,2,389.1,Satellite Town Rawalpindi,63341000.0
3,3,1,1,137.1,Satellite Town Rawalpindi,21457000.0
7,5,1,2,326.3,Clifton Karachi,99616000.0
3,3,1,1,189.4,Gulberg Lahore,58883000.0
2,2,1,1,88.7,DHA Lahore,27369000.0
3,3,1,1,103.2,Bahria Town Rawalpindi,19593000.0
10,8,2,1,551.9,DHA Lahore,227000000.0
8,7,2,2,462.1,DHA Lahore,182596000.0
10,7,2,1,563.2,DHA Islamabad,180209000.0
5,5,2,1,313.8,F-10 Islamabad,112897000.0
4,3,1,1,283.2,Johar Town Lahore,61679000.0
6,4,2,1,253.5,DHA Lahore,92061000.0
7,7,1,2,392.8,Hayatabad Peshawar,61013000.0
5,5,1,2,249.8,Johar Town Lahore,60705000.0
8,5,1,1,463.0,Hayatabad Peshawar,62875000.0
10,8,2,1,492.7,Gulshan-e-Iqbal Karachi,108685000.0
10,8,2,1,533.0,DHA Islamabad,177983000.0
3,3,1,1,191.1,F-10 Islamabad,72723000.0
5,5,2,1,344.6,Gulshan-e-Iqbal Karachi,63049000.0
3,3,1,1,180.7,Johar Town Lahore,38292000.0
2,2,1,1,80.3,Gulberg Lahore,21161000.0
8,8,2,2,442.2,Johar Town Lahore,131726000.0
7,6,2,2,356.4,Satellite Town Rawalpindi,78013000.0
8,6,1,1,450.9,DHA Lahore,176977000.0
3,2,1,1,107.3,DHA Islamabad,30802000.0
10,9,1,2,597.6,Gulberg Lahore,233397000.0
10,7,2,2,596.9,Hayatabad Peshawar,91056000.0
5,4,1,2,311.1,Saddar Rawalpindi,49100000.0
10,8,2,1,527.7,Satellite Town Rawalpindi,103680000.0
3,3,1,1,191.5,Hayatabad Peshawar,26220000.0
9,7,2,1,458.3,Bahria Town Rawalpindi,112473000.0
10,7,1,1,534.8,Gulberg Lahore,206237000.0
9,8,2,1,499.9,DHA Islamabad,180306000.0
9,7,1,1,498.4,DHA Islamabad,183574000.0
6,6,1,2,310.0,Satellite Town Rawalpindi,58301000.0
8,7,1,1,502.8,Hayatabad Peshawar,75922000.0
8,7,2,1,433.0,Bahria Town Rawalpindi,86531000.0
1,1,1,1,131.5,Gulshan-e-Iqbal Karachi,19684000.0
4,4,1,1,121.7,Johar Town Lahore,26079000.0
9,8,2,1,476.8,DHA Islamabad,202613000.0
8,7,2,2,397.8,Hayatabad Peshawar,63292000.0
4,4,2,1,340.5,Satellite Town Rawalpindi,58407000.0
9,9,1,2,549.9,Clifton Karachi,211847000.0
9,7,1,2,416.2,Gulshan-e-Iqbal Karachi,87789000.0
9,8,1,2,273.9,DHA Lahore,104961000.0
6,5,1,2,283.5,Saddar Rawalpindi,44174000.0
8,7,2,2,386.8,DHA Lahore,163902000.0
9,7,1,2,470.5,Hayatabad Peshawar,74177000.0
6,3,1,2,364.8,DHA Islamabad,115593000.0
7,5,1,2,334.7,Bahria Town Rawalpindi,70753000.0
7,6,1,1,452.5,Hayatabad Peshawar,69230000.0
7,5,1,2,440.8,Gulberg Lahore,164727000.0
8,7,1,2,508.4,Gulberg Lahore,184209000.0
3,3,1,1,93.8,Saddar Rawalpindi,11445000.0
8,6,2,1,467.7,F-10 Islamabad,195377000.0
6,5,2,2,337.4,Johar Town Lahore,73998000.0
2,2,1,1,100.3,Gulberg Lahore,23674000.0
7,6,1,2,426.7,F-10 Islamabad,176083000.0
7,6,2,2,446.9,Hayatabad Peshawar,69605000.0
6,5,2,1,342.8,F-10 Islamabad,146037000.0
7,4,2,1,488.7,Bahria Town Rawalpindi,92499000.0
4,3,1,1,222.1,Gulshan-e-Iqbal Karachi,36041000.0
2,1,1,1,169.0,Satellite Town Rawalpindi,26399000.0
5,4,1,1,249.4,Bahria Town Rawalpindi,45982000.0
6,5,1,1,281.4,Gulshan-e-Iqbal Karachi,51901000.0
7,6,1,2,435.8,Johar Town Lahore,116000000.0
9,8,1,2,516.6,Satellite Town Rawalpindi,92318000.0
10,9,1,1,449.3,Bahria Town Rawalpindi,109362000.0
2,1,1,1,154.0,Hayatabad Peshawar,19279000.0
5,4,1,1,257.8,Clifton Karachi,76711000.0
3,1,1,1,145.5,Satellite Town Rawalpindi,23831000.0
9,7,1,2,430.8,Gulberg Lahore,169454000.0
4,4,1,1,194.0,Hayatabad Peshawar,28782000.0
6,6,1,2,343.7,Clifton Karachi,118800000.0
9,8,1,2,487.6,Bahria Town Rawalpindi,128285000.0
8,6,2,2,422.3,Hayatabad Peshawar,67781000.0
4,3,1,2,221.1,Saddar Rawalpindi,28463000.0
3,3,1,2,239.7,Gulberg Lahore,68335000.0
9,8,2,1,412.8,Clifton Karachi,163586000.0
8,7,2,1,356.7,DHA Lahore,150561000.0
1,1,1,1,112.1,Johar Town Lahore,19473000.0
9,7,1,1,532.0,Hayatabad Peshawar,95264000.0
6,3,1,2,336.8,Satellite Town Rawalpindi,56907000.0
5,5,2,2,315.6,F-10 Islamabad,128488000.0
1,1,1,1,167.2,Hayatabad Peshawar,19325000.0
4,2,2,2,263.6,DHA Lahore,78162000.0
4,4,1,2,239.7,Gulshan-e-Iqbal Karachi,39962000.0
2,2,1,1,206.2,Saddar Rawalpindi,30959000.0
7,6,1,1,366.4,Johar Town Lahore,80751000.0
7,7,2,1,309.6,Johar Town Lahore,78904000.0
10,8,2,2,540.2,Johar Town Lahore,133960000.0
10,8,1,2,568.3,Satellite Town Rawalpindi,111556000.0
1,1,1,1,178.5,DHA Lahore,45116000.0
3,2,1,1,114.1,Gulberg Lahore,34721000.0
9,8,1,2,484.1,Gulberg Lahore,174367000.0
10,8,2,2,597.2,F-10 Islamabad,304690000.0
10,8,2,2,526.3,DHA Lahore,215883000.0
1,1,1,1,72.8,Bahria Town Rawalpindi,11675000.0
1,1,1,1,195.7,DHA Islamabad,48940000.0
1,1,1,1,83.4,Gulshan-e-Iqbal Karachi,10374000.0
10,7,1,1,503.2,DHA Islamabad,179812000.0
7,5,1,2,374.0,Clifton Karachi,127751000.0
5,4,2,2,337.4,Saddar Rawalpindi,55415000.0
5,4,2,2,359.4,Gulshan-e-Iqbal Karachi,58839000.0
3,1,1,1,196.3,DHA Lahore,55251000.0
6,5,1,1,384.9,F-10 Islamabad,157458000.0
2,1,1,1,76.6,Hayatabad Peshawar,9742000.0
7,6,2,2,408.8,Satellite Town Rawalpindi,75243000.0
8,6,1,1,456.6,Clifton Karachi,143029000.0
7,5,1,1,423.4,DHA Islamabad,130797000.0
5,4,1,2,239.3,DHA Islamabad,66487000.0
9,7,1,1,506.2,Gulberg Lahore,193023000.0
8,7,1,1,446.4,Bahria Town Rawalpindi,90845000.0
3,3,1,1,129.3,Satellite Town Rawalpindi,21645000.0
3,3,1,1,165.4,F-10 Islamabad,57879000.0
6,6,1,1,404.0,Gulberg Lahore,146510000.0
3,3,1,1,216.3,Hayatabad Peshawar,22521000.0
2,3,1,1,124.5,Satellite Town Rawalpindi,16621000.0
5,5,1,1,143.7,F-10 Islamabad,59720000.0
1,1,1,1,149.4,DHA Lahore,39805000.0
5,4,1,2,318.0,Johar Town Lahore,62352000.0
7,6,1,2,388.0,Gulshan-e-Iqbal Karachi,72289000.0
3,3,1,1,155.3,Hayatabad Peshawar,19800000.0
9,7,1,1,444.7,Satellite Town Rawalpindi,87416000.0
4,4,1,2,211.7,Hayatabad Peshawar,29391000.0
4,3,1,2,228.2,DHA Islamabad,66493000.0
4,4,1,1,180.7,F-10 Islamabad,66876000.0
10,7,2,2,484.0,Clifton Karachi,199510000.0
10,7,2,1,578.3,DHA Islamabad,206537000.0
6,4,2,2,325.9,Gulberg Lahore,109185000.0
1,1,1,1,82.7,Bahria Town Rawalpindi,13883000.0
4,5,1,1,200.7,Hayatabad Peshawar,28144000.0
3,2,1,1,145.3,DHA Islamabad,36110000.0
9,7,1,2,515.1,Bahria Town Rawalpindi,117016000.0
3,3,1,1,105.8,F-10 Islamabad,37612000.0
10,8,2,2,581.9,Bahria Town Rawalpindi,134700000.0
7,6,2,1,377.8,Clifton Karachi,123676000.0
5,4,2,1,339.6,DHA Lahore,105744000.0
9,7,2,2,517.6,Hayatabad Peshawar,67670000.0
1,1,1,1,74.9,F-10 Islamabad,22498000.0
8,7,1,2,479.7,Johar Town Lahore,120911000.0
2,2,1,1,123.0,Gulshan-e-Iqbal Karachi,16860000.0
10,9,2,2,514.0,Clifton Karachi,219888000.0
8,7,1,2,345.8,Saddar Rawalpindi,54776000.0
2,2,1,1,93.0,F-10 Islamabad,32327000.0
10,9,2,1,510.0,Johar Town Lahore,142116000.0
2,1,1,1,74.7,Saddar Rawalpindi,10806000.0
4,3,1,1,134.7,Satellite Town Rawalpindi,22545000.0
10,8,2,1,490.8,Clifton Karachi,166749000.0
5,3,1,1,311.0,Gulshan-e-Iqbal Karachi,55358000.0
9,7,2,1,535.9,Satellite Town Rawalpindi,120977000.0
8,7,2,2,403.1,Clifton Karachi,127283000.0
7,5,1,2,396.7,Hayatabad Peshawar,61422000.0
4,4,1,1,217.8,Bahria Town Rawalpindi,43183000.0
2,1,1,1,132.2,Gulberg Lahore,35185000.0
10,7,1,2,579.0,Bahria Town Rawalpindi,112402000.0
4,5,1,1,116.6,DHA Islamabad,33396000.0
5,3,1,1,345.7,Johar Town Lahore,69621000.0
4,2,1,2,207.2,F-10 Islamabad,80992000.0
4,3,1,2,202.6,DHA Lahore,66153000.0
5,4,1,1,381.1,DHA Lahore,125456000.0
8,7,2,2,490.9,Clifton Karachi,169675000.0
8,8,2,2,479.7,Hayatabad Peshawar,80068000.0
10,7,2,2,529.2,Satellite Town Rawalpindi,111166000.0
4,3,1,1,218.2,DHA Lahore,66468000.0
6,6,2,2,311.5,Gulberg Lahore,111042000.0
1,1,1,1,65.0,Saddar Rawalpindi,7597000.0
10,9,1,1,463.3,Bahria Town Rawalpindi,90580000.0
4,3,1,2,223.3,Johar Town Lahore,48622000.0
7,6,1,2,363.2,DHA Lahore,142801000.0
2,2,1,1,151.4,F-10 Islamabad,50161000.0
8,7,1,2,502.5,Clifton Karachi,172878000.0
10,8,2,1,501.3,Gulberg Lahore,195529000.0
8,6,1,1,533.8,F-10 Islamabad,236557000.0
2,3,1,1,84.8,Gulshan-e-Iqbal Karachi,12341000.0
10,7,1,2,595.9,Bahria Town Rawalpindi,147680000.0
3,2,1,1,193.8,Gulshan-e-Iqbal Karachi,26590000.0
3,2,1,2,227.1,Bahria Town Rawalpindi,40623000.0
3,2,1,1,194.6,DHA Lahore,59668000.0
4,3,1,2,204.5,Saddar Rawalpindi,31149000.0
4,4,2,2,358.4,F-10 Islamabad,126170000.0
3,3,1,1,189.5,Saddar Rawalpindi,24284000.0
5,4,2,1,272.6,Gulshan-e-Iqbal Karachi,42439000.0
6,5,1,1,414.0,Satellite Town Rawalpindi,70674000.0
10,8,1,2,511.5,Bahria Town Rawalpindi,123902000.0
7,4,1,1,434.1,Gulshan-e-Iqbal Karachi,67732000.0
7,6,2,1,380.9,Hayatabad Peshawar,55812000.0
2,1,1,1,139.8,Saddar Rawalpindi,18284000.0
9,7,1,2,500.7,F-10 Islamabad,220636000.0
3,3,1,1,80.1,Satellite Town Rawalpindi,12626000.0
6,5,1,2,202.7,Bahria Town Rawalpindi,37139000.0
2,2,1,1,90.8,Clifton Karachi,24104000.0
9,7,1,1,420.4,Johar Town Lahore,106051000.0
6,5,1,1,258.9,Johar Town Lahore,57628000.0
8,7,1,1,412.1,Johar Town Lahore,102483000.0
6,5,1,1,247.4,DHA Islamabad,74574000.0
6,5,2,2,306.1,Johar Town Lahore,68970000.0
6,5,2,2,307.3,Hayatabad Peshawar,41885000.0
2,1,1,1,84.6,DHA Lahore,26167000.0
3,4,1,2,292.3,Gulberg Lahore,81556000.0
8,6,2,2,406.2,Hayatabad Peshawar,64557000.0
5,4,1,2,354.9,Bahria Town Rawalpindi,78182000.0
1,1,1,1,100.7,Johar Town Lahore,19260000.0
8,6,1,1,420.8,Johar Town Lahore,105147000.0
3,2,1,2,226.8,Johar Town Lahore,45596000.0
1,1,1,1,67.8,Hayatabad Peshawar,7539000.0
3,3,1,1,144.0,DHA Lahore,42302000.0
6,4,1,2,328.7,Hayatabad Peshawar,45714000.0
3,3,1,2,227.6,DHA Islamabad,65563000.0
9,8,2,1,435.0,Saddar Rawalpindi,79581000.0
3,2,1,1,190.0,Clifton Karachi,55201000.0
9,8,1,2,477.3,F-10 Islamabad,234215000.0
3,2,1,1,214.7,F-10 Islamabad,71466000.0
7,5,2,2,395.3,Gulshan-e-Iqbal Karachi,75408000.0
10,7,1,2,491.6,Gulshan-e-Iqbal Karachi,87910000.0
6,5,2,1,268.2,Clifton Karachi,101040000.0
1,1,1,1,85.3,DHA Islamabad,20130000.0
6,5,2,2,349.1,Clifton Karachi,120746000.0
10,8,2,2,597.5,Hayatabad Peshawar,98863000.0
10,8,1,2,583.3,DHA Islamabad,205800000.0
2,1,1,1,179.4,Johar Town Lahore,32339000.0
8,5,2,2,468.1,Johar Town Lahore,104320000.0
5,4,1,1,246.3,Satellite Town Rawalpindi,34496000.0
2,2,1,1,146.5,Gulberg Lahore,43921000.0
8,6,2,2,419.6,Johar Town Lahore,108426000.0
6,6,2,1,330.5,Gulshan-e-Iqbal Karachi,57063000.0
7,5,2,2,351.2,DHA Islamabad,118216000.0
9,7,2,2,506.8,Saddar Rawalpindi,95117000.0
4,3,1,2,241.7,Satellite Town Rawalpindi,37779000.0
7,6,2,2,420.2,Gulshan-e-Iqbal Karachi,83010000.0
4,2,2,2,257.7,Gulshan-e-Iqbal Karachi,45111000.0
2,2,1,1,83.1,Saddar Rawalpindi,9615000.0
5,4,1,1,264.1,Saddar Rawalpindi,40249000.0
10,7,1,1,573.0,Satellite Town Rawalpindi,119437000.0
7,6,1,1,321.0,DHA Lahore,135114000.0
3,2,1,1,118.4,Johar Town Lahore,23850000.0
6,4,1,2,431.4,Gulshan-e-Iqbal Karachi,74166000.0
10,7,1,2,580.2,F-10 Islamabad,257837000.0
10,8,1,2,550.3,Satellite Town Rawalpindi,131929000.0
6,6,2,2,368.9,Saddar Rawalpindi,58451000.0
5,4,2,1,263.2,Clifton Karachi,85074000.0
5,2,1,1,373.6,Gulberg Lahore,111081000.0
10,8,2,2,500.6,Gulberg Lahore,214105000.0
10,8,1,1,525.1,DHA Lahore,234583000.0
8,6,1,1,502.2,Gulshan-e-Iqbal Karachi,95513000.0
5,4,2,2,306.0,Saddar Rawalpindi,45211000.0
1,1,1,1,124.2,Gulshan-e-Iqbal Karachi,16892000.0
6,4,1,2,367.4,Hayatabad Peshawar,45728000.0
2,1,1,1,144.5,Hayatabad Peshawar,16848000.0
1,1,1,1,92.9,Gulshan-e-Iqbal Karachi,13105000.0
7,5,2,2,329.3,DHA Lahore,116892000.0
9,7,2,1,413.9,Clifton Karachi,131003000.0
9,7,1,2,521.2,DHA Lahore,213357000.0
8,6,2,1,482.7,Clifton Karachi,172050000.0
10,8,2,2,522.9,Saddar Rawalpindi,99196000.0
9,8,1,2,470.4,DHA Lahore,179951000.0
7,6,1,2,439.7,Johar Town Lahore,108200000.0
1,1,1,1,65.5,DHA Islamabad,15718000.0
7,5,1,1,398.1,Saddar Rawalpindi,66684000.0
3,2,1,1,125.1,Johar Town Lahore,22583000.0
2,1,1,1,91.7,Johar Town Lahore,18163000.0
3,2,1,1,144.5,Johar Town Lahore,30956000.0
8,5,2,2,504.6,F-10 Islamabad,215705000.0
9,7,1,1,461.7,Clifton Karachi,169833000.0
10,9,1,2,572.3,Saddar Rawalpindi,111843000.0
10,9,1,2,588.6,Gulberg Lahore,218007000.0
9,8,1,2,542.4,Bahria Town Rawalpindi,122019000.0
3,2,1,1,131.8,DHA Lahore,40845000.0
10,9,2,1,534.3,F-10 Islamabad,286918000.0
10,7,2,2,512.9,DHA Lahore,196663000.0
10,7,2,1,530.4,Clifton Karachi,219479000.0
2,2,1,1,141.9,Bahria Town Rawalpindi,23560000.0
4,3,1,1,123.1,Saddar Rawalpindi,17157000.0
9,7,2,1,558.9,F-10 Islamabad,269198000.0
3,3,1,1,153.9,Satellite Town Rawalpindi,27531000.0
4,3,2,2,259.1,Saddar Rawalpindi,38662000.0
5,3,2,1,306.2,F-10 Islamabad,122958000.0
1,1,1,1,127.2,Clifton Karachi,30043000.0
3,3,1,1,71.1,Bahria Town Rawalpindi,12170000.0
10,8,1,1,596.8,Bahria Town Rawalpindi,126756000.0
8,7,1,1,533.4,Hayatabad Peshawar,79898000.0
10,8,2,1,552.7,Saddar Rawalpindi,104564000.0
3,2,1,2,213.7,Bahria Town Rawalpindi,38337000.0
4,4,1,1,178.9,Gulberg Lahore,61747000.0
6,5,2,1,290.0,F-10 Islamabad,131890000.0
6,5,1,1,304.8,DHA Lahore,107318000.0
1,1,1,1,63.0,Gulberg Lahore,15715000.0
9,7,1,1,480.8,Gulberg Lahore,192860000.0
10,7,1,2,598.2,Johar Town Lahore,170110000.0
6,5,1,1,345.5,F-10 Islamabad,139278000.0
5,4,2,1,269.7,Satellite Town Rawalpindi,48814000.0
3,4,1,1,272.1,Saddar Rawalpindi,39302000.0
2,1,1,1,111.9,Saddar Rawalpindi,13064000.0
2,1,1,1,203.7,Bahria Town Rawalpindi,30571000.0
6,5,2,2,331.2,Gulshan-e-Iqbal Karachi,60632000.0
5,4,2,1,293.2,Satellite Town Rawalpindi,49865000.0
8,5,1,1,354.3,Bahria Town Rawalpindi,76445000.0
9,6,1,2,518.5,Saddar Rawalpindi,88157000.0
5,4,1,1,181.6,Gulberg Lahore,50616000.0
2,3,1,1,74.9,Saddar Rawalpindi,8426000.0
1,2,1,1,80.6,Johar Town Lahore,15468000.0
1,1,1,1,132.5,Saddar Rawalpindi,15352000.0
5,4,1,2,368.1,Bahria Town Rawalpindi,70787000.0
9,7,2,1,496.4,DHA Lahore,192482000.0
9,8,1,2,538.9,Gulberg Lahore,193501000.0
9,8,2,1,403.0,F-10 Islamabad,170193000.0
4,4,1,2,277.7,Gulberg Lahore,93303000.0
2,2,1,1,143.4,DHA Lahore,41888000.0
5,3,2,2,276.8,Bahria Town Rawalpindi,56266000.0
4,3,1,2,239.5,Gulshan-e-Iqbal Karachi,41456000.0
10,9,2,2,529.8,Clifton Karachi,211287000.0
7,5,1,1,322.8,Satellite Town Rawalpindi,62139000.0
3,1,1,1,182.1,Gulshan-e-Iqbal Karachi,27212000.0
4,3,1,1,216.0,Bahria Town Rawalpindi,43233000.0
3,2,1,1,133.7,DHA Islamabad,37499000.0
8,5,1,1,556.0,DHA Lahore,221584000.0
2,2,1,1,87.2,Johar Town Lahore,15322000.0
1,1,1,1,66.9,F-10 Islamabad,21034000.0
4,5,1,1,158.8,Saddar Rawalpindi,20243000.0
10,7,2,2,497.9,Clifton Karachi,205914000.0
6,5,2,2,342.7,Saddar Rawalpindi,52189000.0
8,7,1,2,398.0,Bahria Town Rawalpindi,85944000.0
4,4,1,2,253.2,Saddar Rawalpindi,33334000.0
2,1,1,1,97.1,F-10 Islamabad,30839000.0
9,6,1,1,522.3,DHA Lahore,199882000.0
3,2,1,1,163.6,DHA Lahore,56457000.0
1,1,1,1,77.9,Satellite Town Rawalpindi,11575000.0
8,6,1,2,369.3,Gulberg Lahore,128572000.0
4,4,1,1,105.0,F-10 Islamabad,33662000.0
3,2,1,1,111.7,Gulberg Lahore,26805000.0
10,7,2,2,492.2,Gulberg Lahore,178444000.0
4,3,1,1,325.5,Bahria Town Rawalpindi,53937000.0
2,2,1,1,190.4,Bahria Town Rawalpindi,32829000.0
4,3,1,2,248.3,F-10 Islamabad,88798000.0
8,7,2,1,453.8,Johar Town Lahore,113517000.0
2,3,1,1,95.8,Gulberg Lahore,25426000.0
1,1,1,1,122.9,DHA Lahore,34840000.0
8,6,2,1,392.8,Gulshan-e-Iqbal Karachi,68446000.0
9,8,2,1,387.8,F-10 Islamabad,174225000.0
10,7,2,1,585.1,Hayatabad Peshawar,102157000.0
6,5,2,1,262.3,Saddar Rawalpindi,40032000.0
2,2,1,1,95.1,Bahria Town Rawalpindi,16510000.0
6,6,2,2,350.3,Gulberg Lahore,105630000.0
7,6,1,2,404.7,F-10 Islamabad,144046000.0
5,4,1,1,135.4,Gulberg Lahore,43817000.0
6,4,2,1,358.5,DHA Lahore,136228000.0
3,3,1,1,166.8,Bahria Town Rawalpindi,29137000.0
10,7,2,1,516.2,DHA Islamabad,212234000.0
10,7,1,1,511.0,DHA Lahore,186729000.0
4,3,2,1,292.0,Gulshan-e-Iqbal Karachi,45678000.0
10,8,1,1,582.0,Gulberg Lahore,227106000.0
10,8,1,2,589.1,Satellite Town Rawalpindi,127728000.0
2,2,1,1,129.8,DHA Lahore,36974000.0
6,6,2,2,258.6,Satellite Town Rawalpindi,44886000.0
6,5,1,2,384.2,F-10 Islamabad,159400000.0
3,2,1,1,105.8,Johar Town Lahore,20698000.0
5,4,1,2,266.6,Saddar Rawalpindi,38900000.0
6,4,1,1,201.0,DHA Islamabad,62749000.0
10,9,1,1,574.1,Hayatabad Peshawar,95871000.0
5,4,2,2,282.3,DHA Lahore,98103000.0
9,7,1,2,471.8,Johar Town Lahore,119089000.0
5,3,2,2,268.8,Clifton Karachi,78330000.0
1,1,1,1,131.2,Gulshan-e-Iqbal Karachi,17209000.0
9,6,1,2,526.1,DHA Islamabad,173914000.0
1,2,1,1,60.2,Satellite Town Rawalpindi,8692000.0
1,1,1,1,90.2,Clifton Karachi,19790000.0
5,5,1,2,256.8,Hayatabad Peshawar,38598000.0
6,4,1,1,430.9,Johar Town Lahore,95098000.0
4,3,1,1,244.5,Clifton Karachi,65681000.0
2,2,1,1,95.8,DHA Lahore,31675000.0
4,4,1,2,231.6,Satellite Town Rawalpindi,39028000.0
3,3,1,1,192.3,Satellite Town Rawalpindi,27324000.0
1,1,1,1,62.9,Satellite Town Rawalpindi,9796000.0
6,6,1,1,348.8,Johar Town Lahore,87793000.0
2,1,1,1,123.0,Saddar Rawalpindi,14447000.0
4,4,1,1,215.2,Gulberg Lahore,64798000.0
6,5,1,1,406.2,Johar Town Lahore,88536000.0
8,7,2,1,451.6,Saddar Rawalpindi,66985000.0
4,3,1,2,202.3,DHA Islamabad,58894000.0
4,3,1,1,237.8,Gulshan-e-Iqbal Karachi,40608000.0
6,4,1,1,193.3,DHA Islamabad,60990000.0
10,7,2,2,576.7,Clifton Karachi,217720000.0
3,2,1,1,162.9,Johar Town Lahore,33648000.0
2,2,1,1,158.9,Johar Town Lahore,27517000.0
4,3,2,1,300.3,Johar Town Lahore,70434000.0
4,4,1,1,162.2,Johar Town Lahore,32073000.0
2,2,1,1,144.6,DHA Lahore,40965000.0
1,1,1,1,111.8,DHA Lahore,30090000.0
7,5,2,2,405.7,Clifton Karachi,131232000.0
6,5,2,1,390.5,Saddar Rawalpindi,60350000.0
6,4,2,1,411.1,Clifton Karachi,128851000.0
8,6,1,1,477.6,Gulshan-e-Iqbal Karachi,91805000.0
5,5,1,1,236.2,Satellite Town Rawalpindi,38582000.0
10,7,2,1,555.9,Hayatabad Peshawar,92801000.0
10,9,2,2,455.9,Bahria Town Rawalpindi,103450000.0
10,8,1,1,494.5,Gulshan-e-Iqbal Karachi,107619000.0
9,8,1,1,449.3,F-10 Islamabad,210262000.0
6,5,1,1,253.6,F-10 Islamabad,99117000.0
4,4,1,1,212.8,Saddar Rawalpindi,29052000.0
5,5,1,1,288.2,DHA Islamabad,88419000.0
2,1,1,1,112.4,Satellite Town Rawalpindi,15258000.0
7,5,2,2,303.7,Saddar Rawalpindi,49667000.0
2,1,1,1,83.3,Hayatabad Peshawar,9543000.0
1,1,1,1,62.1,Gulshan-e-Iqbal Karachi,10318000.0
10,8,2,2,563.0,Satellite Town Rawalpindi,109621000.0
7,7,1,1,432.2,Bahria Town Rawalpindi,75598000.0
7,5,1,2,363.4,Satellite Town Rawalpindi,64315000.0
5,5,1,2,244.2,Bahria Town Rawalpindi,42920000.0
7,7,1,2,368.1,Gulberg Lahore,125702000.0
10,9,2,2,541.5,Bahria Town Rawalpindi,120926000.0
6,6,2,1,412.3,DHA Lahore,142501000.0
7,7,2,1,385.3,Saddar Rawalpindi,59573000.0
5,4,1,1,308.5,F-10 Islamabad,122798000.0
7,6,1,2,246.7,Satellite Town Rawalpindi,46463000.0
8,7,1,2,437.2,Clifton Karachi,166920000.0
10,8,1,1,589.7,Clifton Karachi,220356000.0
4,3,1,2,289.4,Hayatabad Peshawar,40495000.0
6,5,2,1,271.8,DHA Lahore,96174000.0
5,4,2,1,291.2,Gulberg Lahore,104226000.0
4,2,2,1,289.8,Hayatabad Peshawar,38436000.0
10,8,1,1,594.9,Clifton Karachi,209573000.0
9,7,2,1,441.7,Clifton Karachi,167340000.0
5,4,1,2,254.0,Gulberg Lahore,81930000.0
5,4,2,1,260.6,F-10 Islamabad,97500000.0
5,4,2,1,292.6,Bahria Town Rawalpindi,57594000.0
2,2,1,1,79.8,F-10 Islamabad,27450000.0
7,5,1,2,345.0,F-10 Islamabad,119771000.0
9,8,1,2,498.1,Saddar Rawalpindi,86540000.0
9,7,2,2,416.7,DHA Islamabad,154956000.0
3,2,1,1,167.1,Clifton Karachi,46832000.0
7,6,1,1,453.1,Hayatabad Peshawar,62111000.0
8,5,1,1,448.5,Saddar Rawalpindi,60559000.0
4,3,1,2,201.8,DHA Lahore,74174000.0
5,5,2,1,396.4,DHA Islamabad,119500000.0
5,5,2,2,389.9,Satellite Town Rawalpindi,77299000.0
10,7,2,1,513.5,DHA Islamabad,193786000.0
4,2,1,1,133.5,Gulshan-e-Iqbal Karachi,19855000.0
2,1,1,1,165.2,Gulshan-e-Iqbal Karachi,19727000.0
6,6,1,2,322.4,F-10 Islamabad,126638000.0
1,1,1,1,83.8,Saddar Rawalpindi,10164000.0
5,3,1,1,284.4,Bahria Town Rawalpindi,55114000.0
9,6,1,2,485.6,F-10 Islamabad,195094000.0
1,1,1,1,140.3,Saddar Rawalpindi,17267000.0
4,3,1,2,308.4,Hayatabad Peshawar,41024000.0
10,9,1,1,594.5,F-10 Islamabad,294651000.0
6,6,1,2,333.2,Hayatabad Peshawar,48124000.0
5,3,1,1,329.1,Hayatabad Peshawar,44990000.0
7,6,1,2,361.7,Saddar Rawalpindi,60451000.0
2,2,1,1,160.4,Bahria Town Rawalpindi,28657000.0
2,1,1,1,139.5,Gulberg Lahore,35522000.0
8,6,1,1,425.8,Gulshan-e-Iqbal Karachi,63674000.0
5,4,2,2,273.7,Hayatabad Peshawar,37792000.0
5,4,1,2,216.5,Saddar Rawalpindi,31851000.0
1,1,1,1,77.0,DHA Lahore,19836000.0
8,6,2,1,516.9,F-10 Islamabad,196803000.0
1,1,1,1,77.5,Hayatabad Peshawar,8341000.0
9,8,1,1,465.0,Gulberg Lahore,174353000.0
4,3,1,1,266.3,Gulberg Lahore,80684000.0
6,4,2,2,383.3,Hayatabad Peshawar,46365000.0
4,3,1,1,193.7,Clifton Karachi,49332000.0
2,2,1,1,143.9,F-10 Islamabad,50735000.0
5,4,1,2,348.0,DHA Islamabad,102680000.0
9,8,1,1,435.6,DHA Lahore,176402000.0
2,1,1,1,165.6,Hayatabad Peshawar,17383000.0
7,6,1,1,295.6,DHA Lahore,109942000.0
5,3,2,1,300.1,Gulshan-e-Iqbal Karachi,49312000.0
4,3,1,1,176.6,F-10 Islamabad,59946000.0
6,6,1,1,365.1,Saddar Rawalpindi,51557000.0
1,1,1,1,138.8,Saddar Rawalpindi,15846000.0
5,4,1,1,335.3,Clifton Karachi,116409000.0
2,1,1,1,121.3,Saddar Rawalpindi,14839000.0
6,5,1,1,322.2,Clifton Karachi,108784000.0
2,2,1,2,228.3,DHA Lahore,68213000.0
5,4,1,2,304.2,Saddar Rawalpindi,44486000.0
4,3,2,2,294.2,Satellite Town Rawalpindi,47018000.0
10,9,1,2,550.3,Satellite Town Rawalpindi,128703000.0
6,5,2,1,324.6,F-10 Islamabad,132434000.0
10,9,1,1,502.0,Gulshan-e-Iqbal Karachi,99947000.0
4,4,1,1,181.9,DHA Islamabad,50575000.0
5,2,2,1,250.1,Clifton Karachi,79882000.0
3,2,1,1,100.5,Clifton Karachi,22189000.0
5,3,1,1,287.2,Gulberg Lahore,90792000.0
10,7,1,1,421.1,Hayatabad Peshawar,71047000.0
8,7,2,2,512.6,Satellite Town Rawalpindi,97263000.0
6,5,1,2,365.6,DHA Islamabad,115780000.0
8,8,2,2,405.6,F-10 Islamabad,188452000.0
4,2,1,1,155.7,F-10 Islamabad,49308000.0
2,1,1,1,80.1,Satellite Town Rawalpindi,12276000.0
10,9,2,2,487.5,Johar Town Lahore,136632000.0
1,1,1,1,150.2,Saddar Rawalpindi,18061000.0
4,3,1,1,109.2,Saddar Rawalpindi,15377000.0
10,8,1,2,566.3,Saddar Rawalpindi,108166000.0
10,8,2,2,580.3,DHA Islamabad,248983000.0
5,4,1,2,392.8,Bahria Town Rawalpindi,80067000.0
5,4,2,2,264.5,DHA Lahore,98094000.0
9,8,2,1,509.9,Gulberg Lahore,198267000.0
4,4,1,1,170.5,Saddar Rawalpindi,27635000.0
6,5,1,1,291.9,Bahria Town Rawalpindi,52764000.0
5,4,1,1,252.8,DHA Lahore,75273000.0
9,7,2,1,552.9,F-10 Islamabad,248015000.0
10,9,1,2,556.7,F-10 Islamabad,273875000.0
7,6,1,2,411.5,Bahria Town Rawalpindi,72254000.0
3,1,1,1,119.8,F-10 Islamabad,39327000.0
7,4,1,1,320.4,Clifton Karachi,101639000.0
4,3,1,1,192.5,DHA Lahore,65307000.0
9,7,2,2,537.9,DHA Lahore,226861000.0
3,2,1,1,134.7,Johar Town Lahore,22807000.0
4,4,1,1,89.3,Saddar Rawalpindi,11808000.0
10,8,1,1,440.4,Satellite Town Rawalpindi,86013000.0
3,3,2,1,304.8,Johar Town Lahore,64861000.0
9,8,2,1,512.7,Gulshan-e-Iqbal Karachi,108127000.0
3,2,1,1,100.3,Saddar Rawalpindi,12722000.0
9,8,2,1,492.6,Gulshan-e-Iqbal Karachi,102250000.0
1,1,1,1,80.2,Bahria Town Rawalpindi,11798000.0
1,1,1,1,75.2,Hayatabad Peshawar,9643000.0
6,5,2,2,309.1,Bahria Town Rawalpindi,66960000.0
2,2,1,1,179.5,DHA Lahore,56245000.0
8,5,2,1,380.6,Gulshan-e-Iqbal Karachi,79181000.0
1,1,1,1,73.9,DHA Lahore,22216000.0
1,1,1,1,79.1,F-10 Islamabad,24463000.0
9,8,1,1,452.7,Hayatabad Peshawar,72381000.0
2,2,1,1,173.5,DHA Islamabad,48683000.0
7,6,1,2,414.5,F-10 Islamabad,172655000.0
8,6,2,1,465.0,Hayatabad Peshawar,68202000.0
4,4,1,1,92.0,Saddar Rawalpindi,14973000.0
8,6,1,1,475.7,DHA Islamabad,146775000.0
2,2,1,1,204.9,Saddar Rawalpindi,23174000.0
4,4,2,1,270.4,Hayatabad Peshawar,38861000.0
2,2,1,1,106.8,Bahria Town Rawalpindi,17052000.0
10,8,1,2,512.9,DHA Lahore,221962000.0
9,8,1,2,362.8,Johar Town Lahore,106448000.0
7,6,2,1,332.5,Bahria Town Rawalpindi,64371000.0
10,9,1,1,583.0,F-10 Islamabad,269543000.0
3,4,1,2,240.6,Bahria Town Rawalpindi,49219000.0
10,8,2,1,541.0,F-10 Islamabad,261882000.0
8,6,1,1,448.6,DHA Lahore,168777000.0
10,8,2,2,561.4,Johar Town Lahore,176801000.0
10,8,2,2,550.2,F-10 Islamabad,256110000.0
10,8,1,1,595.2,Gulberg Lahore,236357000.0
2,3,1,1,131.1,F-10 Islamabad,48984000.0
9,6,1,1,489.8,Saddar Rawalpindi,88468000.0
10,9,1,2,494.4,F-10 Islamabad,254016000.0
7,7,2,2,408.0,Satellite Town Rawalpindi,74830000.0
3,3,1,1,210.6,Johar Town Lahore,45406000.0
9,8,2,1,581.2,Saddar Rawalpindi,104737000.0
3,2,1,1,170.4,Gulshan-e-Iqbal Karachi,24708000.0
6,5,2,1,329.8,F-10 Islamabad,133171000.0
6,5,2,1,341.6,Clifton Karachi,112621000.0
2,2,1,1,147.4,Gulberg Lahore,46198000.0
9,8,1,2,450.2,Bahria Town Rawalpindi,107642000.0
3,3,1,1,108.0,F-10 Islamabad,35204000.0
7,6,1,2,434.3,Gulberg Lahore,142364000.0
10,9,2,2,518.3,Bahria Town Rawalpindi,126886000.0
5,3,1,2,248.7,DHA Islamabad,65882000.0
7,6,2,1,443.1,Hayatabad Peshawar,63640000.0
3,4,1,1,144.7,Johar Town Lahore,28906000.0
9,7,2,1,516.8,DHA Lahore,202375000.0
9,8,2,1,574.1,Hayatabad Peshawar,99184000.0
3,2,1,1,142.5,F-10 Islamabad,45474000.0
8,6,2,2,433.6,DHA Lahore,140943000.0
7,5,2,2,333.1,Satellite Town Rawalpindi,55315000.0
5,5,1,2,347.0,Clifton Karachi,109951000.0
8,8,1,2,441.5,DHA Lahore,170194000.0
7,6,2,2,323.9,F-10 Islamabad,124979000.0
9,8,1,1,384.2,DHA Islamabad,153332000.0
5,5,1,1,184.7,DHA Islamabad,58679000.0
4,3,2,1,264.4,Bahria Town Rawalpindi,49016000.0
10,8,1,2,527.2,Saddar Rawalpindi,97523000.0
2,2,1,1,119.3,Gulshan-e-Iqbal Karachi,17394000.0
7,5,1,1,382.7,DHA Lahore,127248000.0
2,2,1,1,159.5,Saddar Rawalpindi,22011000.0
8,8,1,1,517.1,Bahria Town Rawalpindi,122960000.0
6,4,1,2,372.7,F-10 Islamabad,125036000.0
6,5,1,1,277.6,DHA Lahore,100268000.0
4,4,1,1,194.9,Hayatabad Peshawar,26334000.0
6,5,2,1,295.9,Clifton Karachi,94102000.0
10,8,1,2,577.1,Satellite Town Rawalpindi,138985000.0
6,6,2,2,335.0,F-10 Islamabad,157412000.0
6,5,2,2,313.5,Satellite Town Rawalpindi,56088000.0
8,7,2,1,463.0,DHA Islamabad,155827000.0
5,5,2,2,264.7,F-10 Islamabad,101893000.0
7,5,1,1,290.8,Johar Town Lahore,64260000.0
5,3,1,1,242.0,DHA Islamabad,65032000.0
3,4,1,1,141.5,Satellite Town Rawalpindi,23516000.0
8,6,1,1,445.5,Satellite Town Rawalpindi,96511000.0
9,8,2,1,531.4,Johar Town Lahore,153343000.0
10,7,1,2,549.0,Gulberg Lahore,223049000.0
10,8,1,1,535.6,Bahria Town Rawalpindi,104486000.0
5,3,1,1,304.0,Clifton Karachi,78851000.0
4,3,1,1,213.4,Johar Town Lahore,46833000.0
7,5,1,1,404.5,Saddar Rawalpindi,71129000.0
10,7,2,2,575.5,Clifton Karachi,225180000.0
9,7,2,1,452.6,Bahria Town Rawalpindi,101275000.0
6,3,1,1,327.2,Bahria Town Rawalpindi,69113000.0
6,4,1,2,432.0,Saddar Rawalpindi,69758000.0
9,8,1,2,477.2,Bahria Town Rawalpindi,119982000.0
10,8,2,1,556.4,Hayatabad Peshawar,81328000.0
8,6,1,1,472.1,Bahria Town Rawalpindi,104384000.0
6,5,2,2,293.9,Saddar Rawalpindi,52622000.0
2,1,1,2,207.7,Hayatabad Peshawar,25462000.0
7,6,1,2,329.9,DHA Lahore,132994000.0
4,3,1,2,237.2,DHA Islamabad,67707000.0
8,6,1,2,569.1,Satellite Town Rawalpindi,110937000.0
6,5,2,1,334.3,F-10 Islamabad,145986000.0
5,6,1,2,314.9,Johar Town Lahore,68433000.0
4,3,1,2,248.0,Hayatabad Peshawar,30839000.0
7,6,1,2,405.3,Saddar Rawalpindi,64163000.0
6,5,1,2,340.8,DHA Islamabad,106957000.0
2,1,1,1,129.7,Satellite Town Rawalpindi,16656000.0
8,5,2,1,529.4,Bahria Town Rawalpindi,119667000.0
6,4,2,2,253.9,Saddar Rawalpindi,39148000.0
5,5,1,2,293.6,Clifton Karachi,98708000.0
2,1,1,1,171.1,Gulberg Lahore,39364000.0
5,4,2,1,358.8,DHA Lahore,131229000.0
9,8,2,2,439.1,Bahria Town Rawalpindi,113472000.0
8,6,1,2,535.8,Hayatabad Peshawar,85493000.0
2,2,1,1,87.9,F-10 Islamabad,28767000.0
10,7,1,1,585.6,Gulberg Lahore,235632000.0
7,6,2,2,440.1,Johar Town Lahore,116548000.0
3,3,1,1,213.5,Gulshan-e-Iqbal Karachi,34695000.0
2,2,1,1,170.4,Johar Town Lahore,33396000.0
4,2,1,2,219.9,Johar Town Lahore,49888000.0
10,8,1,2,532.9,Clifton Karachi,212166000.0
3,2,1,1,217.4,Satellite Town Rawalpindi,31392000.0
6,5,1,1,309.9,DHA Lahore,119947000.0
9,8,1,1,441.1,Satellite Town Rawalpindi,88549000.0
8,6,1,1,530.9,Saddar Rawalpindi,87852000.0
8,5,2,2,415.6,Hayatabad Peshawar,64569000.0
8,6,2,2,466.7,Hayatabad Peshawar,78337000.0
2,1,1,1,153.6,Saddar Rawalpindi,21628000.0
10,7,1,2,533.8,F-10 Islamabad,242626000.0
3,3,1,2,208.9,Saddar Rawalpindi,32425000.0
1,1,1,1,129.3,Saddar Rawalpindi,15900000.0
10,8,2,1,587.2,Gulberg Lahore,252763000.0
4,3,1,1,168.9,Gulshan-e-Iqbal Karachi,27611000.0
1,1,1,1,133.8,F-10 Islamabad,39859000.0
6,5,2,2,398.1,Johar Town Lahore,105112000.0
5,3,1,1,232.2,Saddar Rawalpindi,31981000.0
2,2,1,1,132.0,F-10 Islamabad,41150000.0
8,6,2,1,384.6,Gulberg Lahore,126705000.0
9,7,1,2,469.9,Saddar Rawalpindi,89441000.0
9,7,2,1,488.3,DHA Lahore,217777000.0
2,2,1,1,144.0,Hayatabad Peshawar,17551000.0
7,6,2,2,360.7,DHA Islamabad,111776000.0
8,5,1,1,499.4,Gulshan-e-Iqbal Karachi,93216000.0
4,3,1,1,147.0,Saddar Rawalpindi,20106000.0
4,2,1,1,172.1,Hayatabad Peshawar,20126000.0
1,1,1,1,61.3,Bahria Town Rawalpindi,9411000.0
7,6,2,1,343.3,Hayatabad Peshawar,53745000.0
5,4,1,1,165.1,DHA Lahore,53607000.0
8,7,1,2,451.1,Gulberg Lahore,169484000.0
10,9,1,2,579.6,Gulberg Lahore,202503000.0
3,2,1,1,172.7,Gulshan-e-Iqbal Karachi,29534000.0
8,6,1,2,410.5,Gulshan-e-Iqbal Karachi,77258000.0
2,2,1,1,174.4,Johar Town Lahore,34801000.0
1,1,1,1,69.7,DHA Islamabad,17174000.0
9,7,1,2,469.6,Hayatabad Peshawar,77932000.0
7,7,1,1,294.4,F-10 Islamabad,113145000.0
9,6,2,1,571.3,Bahria Town Rawalpindi,121367000.0
6,5,2,2,348.5,Clifton Karachi,109317000.0
4,3,1,1,145.0,DHA Lahore,46859000.0
5,5,1,2,302.9,Clifton Karachi,105008000.0
3,2,1,1,169.6,Satellite Town Rawalpindi,26730000.0
9,7,2,1,534.1,Bahria Town Rawalpindi,114433000.0
7,5,2,2,433.1,Gulberg Lahore,153117000.0
3,2,1,2,244.3,Johar Town Lahore,47995000.0
6,5,2,2,345.0,Saddar Rawalpindi,53595000.0
7,5,2,2,421.5,Clifton Karachi,142678000.0
9,8,1,2,482.7,DHA Lahore,209014000.0
1,1,1,1,103.3,Clifton Karachi,24759000.0
1,1,1,1,72.2,Hayatabad Peshawar,7900000.0
2,1,1,1,121.8,Johar Town Lahore,23868000.0
5,4,2,2,273.3,Satellite Town Rawalpindi,49538000.0
5,4,1,2,312.0,Saddar Rawalpindi,50824000.0
1,2,1,1,133.7,Gulberg Lahore,39548000.0
5,4,2,2,282.0,F-10 Islamabad,98519000.0
6,5,1,1,298.5,Saddar Rawalpindi,46908000.0
2,1,1,1,118.9,F-10 Islamabad,36520000.0
9,7,1,2,555.0,Gulberg Lahore,191473000.0
7,6,1,2,383.5,F-10 Islamabad,150665000.0
3,3,1,1,269.8,Clifton Karachi,74524000.0
6,4,2,1,333.7,Gulberg Lahore,107991000.0
4,3,1,1,229.7,Gulshan-e-Iqbal Karachi,35460000.0
9,7,1,1,521.3,Hayatabad Peshawar,82814000.0
6,5,2,1,370.5,Satellite Town Rawalpindi,78439000.0
6,4,1,1,327.2,Hayatabad Peshawar,40051000.0
10,7,1,1,551.9,DHA Islamabad,209903000.0
10,7,2,2,512.5,Johar Town Lahore,135666000.0
8,6,2,2,498.9,F-10 Islamabad,209069000.0
3,2,1,1,181.8,Hayatabad Peshawar,19112000.0
2,1,1,1,142.7,Gulshan-e-Iqbal Karachi,21757000.0
9,6,1,2,432.7,Gulberg Lahore,143779000.0
6,5,2,1,313.1,Clifton Karachi,107759000.0
8,6,2,1,429.2,Clifton Karachi,167714000.0
9,8,2,1,470.7,Johar Town Lahore,111530000.0
3,3,1,2,219.5,Johar Town Lahore,48042000.0
5,4,1,1,213.7,DHA Islamabad,62900000.0
6,5,2,2,325.0,DHA Lahore,101944000.0
3,1,1,2,207.7,Gulberg Lahore,54054000.0
7,5,2,1,420.3,Satellite Town Rawalpindi,78839000.0
10,7,1,2,463.2,Satellite Town Rawalpindi,98225000.0
5,4,2,2,314.9,Saddar Rawalpindi,42597000.0
9,8,2,1,450.9,DHA Islamabad,160950000.0
5,4,2,2,335.6,Satellite Town Rawalpindi,62300000.0
7,6,2,1,445.0,DHA Lahore,179948000.0
4,3,1,1,181.5,DHA Lahore,56837000.0
7,5,1,1,459.0,Hayatabad Peshawar,68973000.0
9,8,1,2,446.2,Satellite Town Rawalpindi,98570000.0
4,3,1,2,204.0,DHA Islamabad,61535000.0
6,5,1,1,360.2,Gulberg Lahore,126981000.0
9,8,2,1,521.9,Saddar Rawalpindi,93683000.0
3,3,1,1,194.7,Johar Town Lahore,38410000.0
9,7,1,2,457.4,F-10 Islamabad,206897000.0
10,8,2,1,575.1,Johar Town Lahore,144808000.0
9,8,1,2,527.8,Satellite Town Rawalpindi,116900000.0
6,5,1,2,276.8,F-10 Islamabad,98285000.0
7,6,2,1,387.9,Saddar Rawalpindi,61294000.0
10,8,1,1,595.6,Saddar Rawalpindi,106572000.0
7,6,1,1,367.0,Satellite Town Rawalpindi,70498000.0
1,1,1,1,122.1,Gulberg Lahore,33441000.0
2,2,1,1,84.5,F-10 Islamabad,30495000.0
9,8,1,2,486.8,Clifton Karachi,181036000.0
4,4,2,1,288.8,Johar Town Lahore,58360000.0
5,3,1,1,193.3,DHA Lahore,63421000.0
5,5,1,1,247.7,Saddar Rawalpindi,36367000.0
8,6,1,2,469.0,Saddar Rawalpindi,81511000.0
7,6,1,2,311.2,F-10 Islamabad,119745000.0
8,5,2,2,529.0,Saddar Rawalpindi,87283000.0
10,8,1,1,456.9,F-10 Islamabad,231686000.0
10,8,1,2,586.0,DHA Lahore,249205000.0
10,8,1,1,539.8,DHA Islamabad,179402000.0
3,3,1,1,197.5,Gulberg Lahore,56401000.0
7,5,1,2,415.9,Hayatabad Peshawar,52001000.0
3,2,1,1,71.1,DHA Lahore,21665000.0
10,9,2,2,595.2,Gulshan-e-Iqbal Karachi,143889000.0
3,1,1,2,200.9,Bahria Town Rawalpindi,31793000.0
8,6,2,1,419.0,Clifton Karachi,131060000.0
9,8,1,2,518.5,DHA Lahore,203376000.0
4,3,1,1,146.7,Saddar Rawalpindi,21816000.0
7,6,1,2,517.9,Hayatabad Peshawar,87643000.0
2,2,1,1,66.6,Johar Town Lahore,12923000.0
5,3,2,2,298.7,Bahria Town Rawalpindi,52903000.0
3,2,1,2,314.9,Johar Town Lahore,62127000.0
4,3,1,2,262.0,Bahria Town Rawalpindi,54882000.0
9,7,2,2,376.6,DHA Lahore,150881000.0
9,8,2,1,554.0,DHA Islamabad,199281000.0
5,3,1,1,236.6,Gulshan-e-Iqbal Karachi,39872000.0
8,6,2,2,372.8,Gulberg Lahore,121946000.0
10,7,1,1,533.8,F-10 Islamabad,255377000.0
9,8,2,2,477.4,DHA Islamabad,182850000.0
1,1,1,1,82.0,Satellite Town Rawalpindi,9895000.0
10,8,1,1,569.1,Satellite Town Rawalpindi,106832000.0
2,1,1,1,85.2,Saddar Rawalpindi,9962000.0
7,5,2,1,377.9,DHA Islamabad,127710000.0
7,6,2,1,370.7,Gulberg Lahore,123904000.0
9,7,1,2,484.7,Hayatabad Peshawar,80420000.0
5,4,1,1,140.2,Clifton Karachi,42218000.0
2,1,1,1,156.9,Bahria Town Rawalpindi,25861000.0
10,8,2,1,466.1,Bahria Town Rawalpindi,114792000.0
3,3,1,1,140.7,F-10 Islamabad,49457000.0
7,5,1,2,313.5,Hayatabad Peshawar,46399000.0
7,6,1,2,455.1,Bahria Town Rawalpindi,99712000.0
8,7,1,1,411.7,Satellite Town Rawalpindi,81182000.0
3,2,1,1,173.7,Gulshan-e-Iqbal Karachi,26190000.0
4,4,1,2,224.1,Hayatabad Peshawar,29215000.0
10,8,2,1,583.2,Satellite Town Rawalpindi,138604000.0
6,6,2,1,302.3,Gulberg Lahore,100880000.0
3,4,1,1,84.0,Satellite Town Rawalpindi,14773000.0
3,2,1,1,178.6,Bahria Town Rawalpindi,29480000.0
4,4,1,2,244.9,Gulberg Lahore,81161000.0
10,9,2,1,599.7,F-10 Islamabad,317234000.0
4,3,1,1,223.5,Bahria Town Rawalpindi,39871000.0
1,1,1,1,74.3,DHA Islamabad,17208000.0
5,4,2,2,337.0,F-10 Islamabad,126198000.0
3,2,1,1,105.1,Bahria Town Rawalpindi,18208000.0
3,2,1,1,208.0,DHA Lahore,65081000.0
10,8,1,1,595.9,DHA Islamabad,213206000.0
8,7,1,1,440.5,DHA Islamabad,143958000.0
2,1,1,1,87.4,Hayatabad Peshawar,11500000.0
6,4,1,2,302.3,DHA Islamabad,91442000.0
2,2,1,1,152.7,DHA Islamabad,37595000.0
3,3,1,1,126.4,DHA Islamabad,36337000.0
9,6,1,2,377.0,Bahria Town Rawalpindi,89615000.0
6,5,1,2,333.1,Johar Town Lahore,83792000.0
9,8,1,1,461.1,Satellite Town Rawalpindi,105984000.0
10,8,1,1,541.8,Saddar Rawalpindi,99563000.0
4,2,1,1,193.2,Clifton Karachi,53669000.0
10,9,2,1,558.4,DHA Islamabad,179344000.0
7,7,2,2,339.7,Saddar Rawalpindi,53849000.0
4,3,1,1,199.8,DHA Islamabad,56651000.0
8,6,2,2,516.7,Clifton Karachi,167657000.0
2,2,1,1,79.2,DHA Lahore,20909000.0
6,5,1,1,362.1,Satellite Town Rawalpindi,64666000.0
8,5,2,2,449.7,Gulberg Lahore,170591000.0
5,4,1,2,211.2,Gulshan-e-Iqbal Karachi,35801000.0
9,7,2,1,526.3,DHA Lahore,225687000.0
2,1,1,1,189.8,Johar Town Lahore,36293000.0
10,7,1,1,513.5,Hayatabad Peshawar,90218000.0
1,2,1,1,102.4,Gulshan-e-Iqbal Karachi,16991000.0
1,1,1,1,146.4,DHA Lahore,48566000.0
6,5,2,1,265.7,DHA Lahore,100982000.0
10,8,1,1,521.2,Gulshan-e-Iqbal Karachi,104414000.0
3,3,1,1,138.1,Gulberg Lahore,40576000.0
9,7,1,2,532.7,Bahria Town Rawalpindi,135225000.0
2,2,1,1,184.1,Johar Town Lahore,32456000.0
4,3,1,2,304.4,DHA Islamabad,95430000.0
4,3,1,1,250.5,Bahria Town Rawalpindi,45230000.0
1,1,1,1,123.8,DHA Lahore,35275000.0
10,8,2,1,569.9,Saddar Rawalpindi,97862000.0
5,4,2,1,296.6,Saddar Rawalpindi,40235000.0
8,7,1,2,432.8,F-10 Islamabad,184139000.0
7,6,2,1,370.6,DHA Lahore,152883000.0
6,5,1,1,330.9,Bahria Town Rawalpindi,63389000.0
8,6,1,2,393.0,Saddar Rawalpindi,73336000.0
10,6,1,1,545.1,F-10 Islamabad,229652000.0
8,6,2,1,437.6,Saddar Rawalpindi,67903000.0
7,5,1,2,347.5,Satellite Town Rawalpindi,65525000.0
5,3,2,1,408.4,Gulshan-e-Iqbal Karachi,72194000.0
8,7,1,1,387.5,Gulberg Lahore,142340000.0
5,4,1,2,293.9,Hayatabad Peshawar,40985000.0
8,8,2,1,397.4,Gulshan-e-Iqbal Karachi,88834000.0
4,4,2,1,299.5,Gulshan-e-Iqbal Karachi,50655000.0
8,8,2,1,469.1,Satellite Town Rawalpindi,91187000.0
10,9,2,2,583.2,Satellite Town Rawalpindi,116386000.0
10,9,2,1,578.3,DHA Islamabad,233373000.0
8,6,1,2,503.2,Satellite Town Rawalpindi,94467000.0
6,4,1,2,384.9,Saddar Rawalpindi,57695000.0
9,7,2,1,464.6,F-10 Islamabad,221415000.0
2,2,1,1,156.1,Gulberg Lahore,49507000.0
5,4,2,1,318.7,Saddar Rawalpindi,48479000.0
5,3,1,1,198.9,F-10 Islamabad,71849000.0
2,2,1,1,61.9,DHA Lahore,18373000.0
10,7,1,2,582.0,Gulshan-e-Iqbal Karachi,116217000.0
10,7,2,2,526.5,Gulshan-e-Iqbal Karachi,107421000.0
6,4,1,1,337.4,Hayatabad Peshawar,45813000.0
3,2,1,1,197.2,Bahria Town Rawalpindi,36382000.0
7,5,1,2,434.2,Gulberg Lahore,149222000.0
6,5,2,1,294.8,Hayatabad Peshawar,46683000.0
8,7,2,2,493.8,Clifton Karachi,176545000.0
10,8,2,2,599.7,F-10 Islamabad,273818000.0
5,4,1,2,248.5,Gulberg Lahore,87176000.0
5,3,1,1,192.0,Gulberg Lahore,59487000.0
4,3,1,1,204.4,Clifton Karachi,58798000.0
4,4,1,1,110.4,Gulberg Lahore,34085000.0
4,4,2,2,272.8,Clifton Karachi,92583000.0
1,1,1,1,69.4,DHA Lahore,19887000.0
3,3,1,1,121.8,Clifton Karachi,37364000.0
3,4,1,2,206.7,Bahria Town Rawalpindi,37675000.0
2,1,1,1,146.3,Clifton Karachi,41033000.0
7,7,1,2,455.4,Hayatabad Peshawar,71386000.0
1,1,1,1,117.0,Bahria Town Rawalpindi,19751000.0
8,7,1,2,527.6,Gulberg Lahore,207422000.0
3,3,1,1,179.4,Gulshan-e-Iqbal Karachi,26268000.0
2,1,1,1,118.6,Clifton Karachi,31067000.0
1,1,1,1,65.5,Gulshan-e-Iqbal Karachi,9796000.0
9,6,1,2,446.2,Clifton Karachi,171458000.0
4,2,1,1,198.6,Gulshan-e-Iqbal Karachi,34019000.0
4,4,2,1,335.1,Clifton Karachi,102086000.0
3,4,1,1,120.3,DHA Islamabad,37067000.0
10,8,2,1,592.1,Saddar Rawalpindi,102798000.0
2,2,1,1,127.7,DHA Lahore,33961000.0
5,5,1,1,282.4,DHA Islamabad,83169000.0
10,8,1,1,519.9,DHA Lahore,233252000.0
3,2,1,1,192.2,DHA Lahore,54352000.0
4,3,1,2,204.2,DHA Islamabad,52145000.0
10,8,2,1,496.6,Hayatabad Peshawar,73379000.0
3,3,1,1,207.6,F-10 Islamabad,75280000.0
1,1,1,1,61.6,Gulberg Lahore,14481000.0
5,4,1,1,291.1,DHA Lahore,102466000.0
1,1,1,1,66.8,Satellite Town Rawalpindi,9149000.0
8,5,1,2,551.3,Saddar Rawalpindi,85769000.0
7,6,1,2,406.6,Saddar Rawalpindi,61942000.0
8,6,2,2,374.8,F-10 Islamabad,164378000.0
3,3,1,1,168.9,Satellite Town Rawalpindi,25071000.0
8,7,1,2,438.0,Satellite Town Rawalpindi,86360000.0
6,4,1,2,425.7,Johar Town Lahore,98128000.0
2,1,1,1,92.7,Clifton Karachi,25175000.0
10,9,1,2,535.7,DHA Islamabad,211441000.0
6,5,2,1,372.9,Saddar Rawalpindi,59086000.0
9,6,2,1,487.9,Hayatabad Peshawar,71607000.0
4,4,1,2,202.0,Johar Town Lahore,44381000.0
1,1,1,1,125.9,Johar Town Lahore,23395000.0
8,5,1,1,439.3,Johar Town Lahore,102601000.0
10,8,1,1,488.7,DHA Islamabad,171811000.0
5,3,1,2,268.5,Clifton Karachi,95673000.0
1,1,1,1,72.8,Gulshan-e-Iqbal Karachi,9285000.0
9,7,1,1,501.9,Hayatabad Peshawar,82553000.0
4,4,1,1,171.3,Hayatabad Peshawar,24266000.0
3,3,1,2,243.1,Johar Town Lahore,48012000.0
8,5,1,2,399.2,Hayatabad Peshawar,59890000.0
1,1,1,1,114.0,Johar Town Lahore,19679000.0
2,1,1,1,98.9,Gulshan-e-Iqbal Karachi,14313000.0
1,2,1,1,73.9,Clifton Karachi,20355000.0
10,8,1,2,555.0,Hayatabad Peshawar,91944000.0
6,5,1,1,228.1,Saddar Rawalpindi,42799000.0
6,4,1,2,416.8,Bahria Town Rawalpindi,80952000.0
10,7,2,2,594.2,DHA Islamabad,236293000.0
9,7,2,1,421.5,DHA Lahore,176552000.0
7,5,1,1,343.6,Johar Town Lahore,79911000.0
5,5,2,1,341.3,Gulshan-e-Iqbal Karachi,66347000.0
4,3,1,2,263.5,Johar Town Lahore,48687000.0
6,4,2,1,383.9,Johar Town Lahore,88628000.0
10,7,1,1,577.7,Hayatabad Peshawar,89231000.0
9,8,2,2,485.5,Gulberg Lahore,183206000.0
4,3,1,1,289.1,Johar Town Lahore,57049000.0
3,2,1,2,239.5,Clifton Karachi,62720000.0
9,8,1,1,537.1,Johar Town Lahore,121831000.0
2,1,1,1,133.3,Hayatabad Peshawar,15859000.0
10,6,2,1,518.8,Hayatabad Peshawar,83654000.0
3,2,1,1,197.7,Johar Town Lahore,37516000.0
7,6,2,2,446.4,DHA Lahore,180543000.0
8,6,2,2,495.4,Clifton Karachi,180751000.0
6,4,2,2,317.6,Bahria Town Rawalpindi,63576000.0
3,3,1,1,163.8,DHA Lahore,62331000.0
8,7,2,2,516.2,F-10 Islamabad,243605000.0
4,3,2,1,258.5,Bahria Town Rawalpindi,56345000.0
3,3,1,1,233.2,Bahria Town Rawalpindi,40219000.0
6,4,1,1,335.4,Clifton Karachi,106886000.0
8,7,1,1,294.9,DHA Islamabad,90701000.0
8,7,1,1,428.8,Gulshan-e-Iqbal Karachi,81377000.0
2,2,1,1,134.1,DHA Lahore,38196000.0
5,5,1,2,295.3,DHA Lahore,125908000.0
9,8,1,1,541.5,Saddar Rawalpindi,90430000.0
2,1,1,1,79.5,Johar Town Lahore,14333000.0
6,5,1,2,307.0,Saddar Rawalpindi,43193000.0
7,5,2,1,416.7,Gulshan-e-Iqbal Karachi,80075000.0
10,9,1,2,539.4,DHA Islamabad,187242000.0
7,6,1,2,380.6,F-10 Islamabad,168449000.0
10,7,2,1,505.2,Clifton Karachi,164084000.0
4,3,1,1,180.3,Hayatabad Peshawar,23055000.0
4,3,2,1,250.5,Bahria Town Rawalpindi,40608000.0
9,8,1,1,568.8,Bahria Town Rawalpindi,126047000.0
10,7,1,1,538.4,Hayatabad Peshawar,85788000.0
7,4,2,1,361.3,Hayatabad Peshawar,50260000.0
5,4,1,1,316.8,Bahria Town Rawalpindi,58720000.0
6,3,2,2,303.6,DHA Lahore,114285000.0
1,1,1,1,91.7,Clifton Karachi,26687000.0
10,8,1,2,541.9,F-10 Islamabad,256296000.0
9,8,1,1,501.8,Gulberg Lahore,178261000.0
4,3,1,1,306.4,DHA Lahore,99249000.0
4,3,1,1,210.9,Gulshan-e-Iqbal Karachi,33164000.0
5,4,1,2,245.2,Gulberg Lahore,83862000.0
1,1,1,1,126.5,DHA Lahore,36200000.0
7,6,2,1,449.8,Gulberg Lahore,141152000.0
6,5,2,2,360.6,Saddar Rawalpindi,61839000.0
6,4,1,1,186.4,Bahria Town Rawalpindi,39249000.0
7,6,1,2,396.4,F-10 Islamabad,182083000.0
10,8,2,1,588.8,F-10 Islamabad,262185000.0
3,3,1,1,126.1,Satellite Town Rawalpindi,20182000.0
5,4,2,2,307.6,Hayatabad Peshawar,39603000.0
6,5,2,1,326.8,Johar Town Lahore,74563000.0
2,1,1,1,150.1,Bahria Town Rawalpindi,25303000.0
6,4,1,1,347.1,Saddar Rawalpindi,50005000.0
5,4,1,2,387.2,Johar Town Lahore,86637000.0
3,2,1,1,145.0,Satellite Town Rawalpindi,22441000.0
4,4,1,1,143.6,Gulberg Lahore,42821000.0
10,8,2,2,522.4,Hayatabad Peshawar,97730000.0
5,3,1,1,228.1,Saddar Rawalpindi,32236000.0
8,7,2,2,400.4,F-10 Islamabad,178028000.0
7,5,2,1,398.5,Gulshan-e-Iqbal Karachi,66235000.0
9,6,1,2,513.2,Gulberg Lahore,196554000.0
8,6,2,1,459.5,Gulberg Lahore,160446000.0
8,6,1,2,513.9,F-10 Islamabad,233431000.0
7,6,2,1,397.6,Gulshan-e-Iqbal Karachi,68252000.0
6,5,1,1,302.7,F-10 Islamabad,121942000.0
7,6,1,2,272.5,Gulshan-e-Iqbal Karachi,43640000.0
5,3,1,1,264.7,Clifton Karachi,82370000.0
4,3,2,2,285.9,Saddar Rawalpindi,40939000.0
1,2,1,1,129.8,Hayatabad Peshawar,15374000.0
5,3,1,1,288.9,DHA Islamabad,79524000.0
6,4,1,1,270.3,Hayatabad Peshawar,35126000.0
1,1,1,1,78.7,Bahria Town Rawalpindi,12124000.0
4,3,1,1,208.6,Johar Town Lahore,43173000.0
8,6,1,2,466.0,Gulberg Lahore,175124000.0
7,6,2,2,372.1,Gulshan-e-Iqbal Karachi,72961000.0
7,6,1,1,495.3,Gulshan-e-Iqbal Karachi,86090000.0
8,5,1,2,353.1,Satellite Town Rawalpindi,75609000.0
8,6,2,2,521.2,DHA Lahore,209606000.0
10,8,1,2,489.9,Hayatabad Peshawar,78714000.0
2,2,1,1,113.1,Gulberg Lahore,32275000.0
10,9,1,2,587.6,F-10 Islamabad,281262000.0
1,1,1,1,68.0,DHA Lahore,18830000.0
7,5,2,2,382.3,Johar Town Lahore,89289000.0
9,7,2,1,488.0,Gulshan-e-Iqbal Karachi,105232000.0
5,4,1,2,239.2,Satellite Town Rawalpindi,46257000.0
8,6,2,1,383.2,F-10 Islamabad,139889000.0
5,4,2,2,255.5,Gulberg Lahore,90928000.0
3,1,1,1,92.7,Hayatabad Peshawar,11088000.0
1,1,1,1,64.6,DHA Lahore,18412000.0
3,2,1,1,111.2,F-10 Islamabad,40981000.0
2,2,1,1,113.1,Hayatabad Peshawar,10943000.0
7,7,1,2,389.9,DHA Lahore,158871000.0
6,4,2,2,344.0,Hayatabad Peshawar,53978000.0
6,5,2,1,306.0,Hayatabad Peshawar,42108000.0
8,7,2,2,433.6,Satellite Town Rawalpindi,78363000.0
2,2,1,1,69.1,Clifton Karachi,20587000.0
5,3,1,2,206.3,Saddar Rawalpindi,26466000.0
9,8,1,1,479.8,Hayatabad Peshawar,80004000.0
7,5,2,1,551.4,F-10 Islamabad,240812000.0
7,5,1,1,296.7,DHA Islamabad,96330000.0
2,1,1,1,104.0,Gulberg Lahore,29212000.0
8,6,1,1,491.3,Gulshan-e-Iqbal Karachi,91859000.0
9,6,1,1,538.0,Clifton Karachi,194952000.0
5,4,1,1,283.4,DHA Islamabad,79127000.0
3,2,1,1,191.4,Clifton Karachi,50578000.0
1,1,1,1,83.7,Bahria Town Rawalpindi,13344000.0
6,5,2,2,379.2,Johar Town Lahore,78742000.0
10,9,1,1,551.3,Clifton Karachi,217595000.0
10,8,2,2,426.1,Gulshan-e-Iqbal Karachi,74992000.0
5,3,1,1,231.3,DHA Lahore,78628000.0
9,6,1,1,407.2,DHA Lahore,163871000.0
9,9,1,1,509.3,Gulshan-e-Iqbal Karachi,99204000.0
6,5,1,2,316.9,Saddar Rawalpindi,45361000.0
10,8,1,2,502.7,Saddar Rawalpindi,88871000.0
4,4,2,1,271.6,Gulberg Lahore,88998000.0
4,4,1,2,248.2,DHA Lahore,85411000.0
8,5,2,1,374.8,Gulberg Lahore,122429000.0
7,5,1,1,310.9,Johar Town Lahore,72309000.0
10,8,1,1,587.6,Bahria Town Rawalpindi,140388000.0
5,3,1,1,338.9,DHA Lahore,114055000.0
5,4,1,2,268.0,F-10 Islamabad,94680000.0
4,4,2,1,273.3,Johar Town Lahore,58784000.0
7,5,2,1,355.9,Satellite Town Rawalpindi,70164000.0
5,4,2,2,251.7,Hayatabad Peshawar,36660000.0
8,7,2,1,450.4,DHA Lahore,182788000.0
5,4,1,1,265.6,DHA Islamabad,86992000.0
5,4,2,2,267.4,F-10 Islamabad,104471000.0
7,5,2,1,393.2,Bahria Town Rawalpindi,77680000.0
1,1,1,1,92.9,Saddar Rawalpindi,10624000.0
7,5,2,2,413.9,Hayatabad Peshawar,63100000.0
6,5,1,2,332.7,Clifton Karachi,97347000.0
7,6,1,2,304.6,Bahria Town Rawalpindi,63832000.0
8,7,1,1,448.4,DHA Islamabad,155881000.0
9,7,2,1,469.5,Hayatabad Peshawar,81982000.0
10,8,1,1,517.0,Gulberg Lahore,178171000.0
5,3,2,1,262.4,Bahria Town Rawalpindi,50531000.0
5,4,1,2,236.6,Bahria Town Rawalpindi,46034000.0
9,7,1,2,445.7,F-10 Islamabad,198363000.0
8,6,1,1,374.2,Gulshan-e-Iqbal Karachi,71987000.0
8,6,2,2,401.2,Satellite Town Rawalpindi,78656000.0
9,8,1,2,360.0,Gulberg Lahore,151547000.0
8,6,1,2,477.3,Gulshan-e-Iqbal Karachi,100390000.0
5,3,1,1,162.6,DHA Islamabad,53731000.0
7,6,2,2,360.1,DHA Islamabad,119747000.0
4,3,1,1,145.4,DHA Islamabad,39464000.0
5,5,2,2,279.9,Hayatabad Peshawar,37421000.0
8,6,1,1,418.6,Clifton Karachi,138304000.0
7,6,2,2,326.3,Saddar Rawalpindi,57005000.0
4,3,1,2,265.0,DHA Islamabad,80026000.0
10,9,2,1,537.9,DHA Islamabad,208709000.0
7,7,2,1,477.3,Satellite Town Rawalpindi,87725000.0
6,6,1,2,344.2,Bahria Town Rawalpindi,68651000.0
10,8,1,2,573.0,Bahria Town Rawalpindi,155059000.0
5,3,2,2,289.2,Johar Town Lahore,59243000.0
10,9,2,1,485.6,Clifton Karachi,205343000.0
4,4,1,1,150.7,F-10 Islamabad,56248000.0
2,2,1,2,214.3,DHA Lahore,61611000.0
5,4,1,2,242.6,Gulshan-e-Iqbal Karachi,38373000.0
3,3,1,1,117.1,DHA Lahore,34953000.0
6,5,1,1,331.0,DHA Lahore,121101000.0
3,3,1,1,163.8,DHA Islamabad,41676000.0
8,7,1,1,402.5,DHA Lahore,173369000.0
2,2,1,1,162.6,Saddar Rawalpindi,20628000.0
1,1,1,1,126.7,Clifton Karachi,33552000.0
10,8,2,1,583.3,Satellite Town Rawalpindi,127808000.0
8,6,2,2,415.4,Bahria Town Rawalpindi,103025000.0
10,7,2,2,565.7,DHA Islamabad,198883000.0
5,4,1,2,324.5,Clifton Karachi,101518000.0
1,1,1,1,78.0,Bahria Town Rawalpindi,11187000.0
8,7,1,1,370.2,Clifton Karachi,130361000.0
6,6,2,1,361.5,Satellite Town Rawalpindi,72019000.0
3,3,1,1,68.1,Gulberg Lahore,20228000.0
9,8,2,2,525.1,Clifton Karachi,228960000.0
7,5,1,2,394.8,Gulshan-e-Iqbal Karachi,75794000.0
8,5,1,1,462.1,Bahria Town Rawalpindi,94110000.0
7,6,1,1,326.7,Satellite Town Rawalpindi,62708000.0
6,6,1,2,393.9,F-10 Islamabad,143519000.0
6,6,1,1,199.0,Saddar Rawalpindi,29557000.0
9,8,2,1,585.8,Gulshan-e-Iqbal Karachi,110132000.0
7,4,1,1,276.4,Bahria Town Rawalpindi,55977000.0
3,3,1,1,147.7,Gulshan-e-Iqbal Karachi,23047000.0
2,2,1,1,90.2,F-10 Islamabad,31952000.0
9,8,2,2,403.5,Clifton Karachi,150396000.0
10,9,1,1,591.0,Hayatabad Peshawar,92654000.0
9,8,2,2,543.7,Hayatabad Peshawar,100593000.0
9,7,2,1,439.1,Satellite Town Rawalpindi,70334000.0
10,7,1,2,594.9,Johar Town Lahore,155842000.0
7,6,2,2,450.3,Clifton Karachi,158004000.0
7,5,1,2,243.2,Gulberg Lahore,84036000.0
7,7,2,1,384.7,Hayatabad Peshawar,61391000.0
1,1,1,1,103.1,Johar Town Lahore,18453000.0
2,2,1,1,179.7,Saddar Rawalpindi,23937000.0
5,4,1,1,285.5,Gulberg Lahore,86516000.0
1,1,1,1,169.0,Saddar Rawalpindi,18442000.0
10,7,2,1,574.9,F-10 Islamabad,260010000.0
10,7,2,1,597.6,Saddar Rawalpindi,99149000.0
4,3,1,2,260.3,DHA Islamabad,70330000.0
9,7,1,2,443.0,Bahria Town Rawalpindi,109523000.0
5,5,1,1,280.2,Gulberg Lahore,100498000.0
2,1,1,1,135.3,Johar Town Lahore,26798000.0
4,4,1,2,241.9,Gulshan-e-Iqbal Karachi,43370000.0
4,2,1,1,186.0,Gulberg Lahore,54920000.0
4,4,1,1,237.2,DHA Islamabad,72650000.0
3,1,1,1,176.1,Gulberg Lahore,50286000.0
2,3,1,1,120.7,DHA Lahore,41752000.0
3,2,1,1,177.4,Johar Town Lahore,32173000.0
9,5,1,2,549.1,Gulshan-e-Iqbal Karachi,111686000.0
2,1,1,1,106.0,F-10 Islamabad,30774000.0
5,3,1,1,235.4,Clifton Karachi,73557000.0
7,5,2,1,345.4,Clifton Karachi,101303000.0
4,3,2,1,251.4,Saddar Rawalpindi,32752000.0
7,5,2,2,339.5,Johar Town Lahore,73687000.0
1,1,1,1,83.4,Saddar Rawalpindi,10322000.0
7,5,1,1,410.2,F-10 Islamabad,168563000.0
6,5,1,2,364.3,Gulshan-e-Iqbal Karachi,77138000.0
9,8,2,1,427.7,DHA Islamabad,151381000.0
7,5,2,1,366.3,Bahria Town Rawalpindi,81068000.0
5,4,1,2,296.5,Satellite Town Rawalpindi,51717000.0
6,4,1,1,249.1,Johar Town Lahore,57544000.0
3,2,1,1,182.3,Clifton Karachi,50703000.0
8,7,2,1,330.0,Clifton Karachi,126199000.0
1,1,1,1,74.1,Gulshan-e-Iqbal Karachi,9623000.0
3,3,1,2,237.3,F-10 Islamabad,69096000.0
8,7,2,1,426.1,Bahria Town Rawalpindi,98027000.0
2,1,1,1,118.7,DHA Islamabad,26020000.0
1,2,1,1,94.0,Satellite Town Rawalpindi,14773000.0
10,8,2,2,412.2,F-10 Islamabad,185735000.0
5,5,1,1,274.8,Clifton Karachi,79468000.0
9,7,2,1,493.0,Johar Town Lahore,149798000.0
10,9,2,1,566.1,Bahria Town Rawalpindi,136972000.0
10,9,1,2,576.8,DHA Lahore,242956000.0
6,5,1,2,289.8,DHA Islamabad,95555000.0
2,1,1,2,202.7,Bahria Town Rawalpindi,35886000.0
6,4,1,1,388.7,Bahria Town Rawalpindi,82753000.0
7,6,2,2,399.2,Satellite Town Rawalpindi,69499000.0
9,7,1,1,396.1,Clifton Karachi,147010000.0
4,3,1,1,233.8,Hayatabad Peshawar,29536000.0
2,2,1,1,94.4,DHA Lahore,26236000.0
3,2,1,1,173.4,F-10 Islamabad,58564000.0
4,4,1,1,143.4,Clifton Karachi,37186000.0
1,1,1,1,126.9,Hayatabad Peshawar,15159000.0
10,9,1,2,560.2,Johar Town Lahore,148586000.0
1,1,1,1,67.5,DHA Islamabad,15856000.0
8,7,1,2,385.0,Gulberg Lahore,140392000.0
10,9,1,1,571.6,Hayatabad Peshawar,95248000.0
5,4,2,2,254.4,Johar Town Lahore,61076000.0
6,5,2,1,344.6,Hayatabad Peshawar,46012000.0
7,7,1,2,435.7,Johar Town Lahore,103536000.0
3,2,1,1,231.3,DHA Islamabad,60403000.0
5,5,2,2,317.9,Satellite Town Rawalpindi,52740000.0
9,7,2,1,501.2,Saddar Rawalpindi,88618000.0
8,5,2,1,462.5,Gulshan-e-Iqbal Karachi,83311000.0
9,6,1,1,496.6,Hayatabad Peshawar,69849000.0
9,7,2,2,593.2,F-10 Islamabad,277033000.0
4,4,2,2,260.0,Satellite Town Rawalpindi,49271000.0
9,7,2,1,463.4,F-10 Islamabad,206390000.0
8,7,1,2,385.5,Hayatabad Peshawar,60393000.0
8,7,2,1,420.0,F-10 Islamabad,180657000.0
9,7,2,1,459.5,Clifton Karachi,160852000.0
8,7,1,1,464.9,Saddar Rawalpindi,84668000.0
10,8,1,2,538.3,DHA Islamabad,197232000.0
7,5,1,2,248.6,DHA Islamabad,67661000.0
8,7,2,1,412.9,Satellite Town Rawalpindi,88276000.0
6,5,1,2,211.4,DHA Islamabad,70639000.0
6,4,2,2,381.1,Clifton Karachi,128665000.0
7,5,2,1,465.6,Hayatabad Peshawar,55697000.0
8,7,1,2,487.1,Clifton Karachi,172924000.0
5,5,1,1,286.9,Johar Town Lahore,66890000.0
8,7,2,1,334.7,DHA Lahore,135550000.0
4,3,1,2,240.3,Gulshan-e-Iqbal Karachi,40033000.0
2,1,1,1,151.3,Clifton Karachi,41887000.0
3,4,1,1,200.7,Johar Town Lahore,41196000.0
10,9,1,1,552.6,Bahria Town Rawalpindi,143097000.0
5,5,1,1,226.8,Gulshan-e-Iqbal Karachi,39746000.0
10,6,1,1,586.4,Saddar Rawalpindi,101967000.0
2,2,1,1,190.4,Gulshan-e-Iqbal Karachi,30040000.0
7,6,1,1,450.5,DHA Islamabad,141176000.0
8,7,2,2,369.9,Gulshan-e-Iqbal Karachi,68385000.0
9,7,1,2,436.3,Saddar Rawalpindi,76309000.0
7,5,1,2,407.7,F-10 Islamabad,173041000.0
10,8,2,2,441.6,Satellite Town Rawalpindi,100164000.0
10,7,1,2,549.0,Johar Town Lahore,152771000.0
7,5,2,2,364.3,Johar Town Lahore,86444000.0
2,2,1,1,96.6,Gulshan-e-Iqbal Karachi,14179000.0
3,3,1,2,206.2,Johar Town Lahore,40004000.0
8,7,2,1,442.4,Johar Town Lahore,112477000.0
4,4,2,1,326.8,Gulberg Lahore,90711000.0
5,4,2,1,356.2,Hayatabad Peshawar,49236000.0
5,5,1,2,382.2,Hayatabad Peshawar,64632000.0
6,4,2,2,266.6,Bahria Town Rawalpindi,48665000.0
7,7,2,1,477.9,Saddar Rawalpindi,80710000.0
10,9,2,2,450.7,DHA Islamabad,173810000.0
7,6,2,1,445.7,DHA Lahore,174456000.0
10,9,1,1,446.3,Hayatabad Peshawar,70150000.0
9,7,2,2,540.8,Bahria Town Rawalpindi,130020000.0
5,4,2,1,381.5,DHA Lahore,126697000.0
10,8,2,2,582.2,F-10 Islamabad,245564000.0
4,3,1,1,124.4,Saddar Rawalpindi,18538000.0
6,5,1,2,401.3,Johar Town Lahore,96142000.0
8,7,1,1,447.1,Clifton Karachi,145765000.0
5,5,2,2,317.7,Hayatabad Peshawar,43824000.0
4,3,1,2,215.6,Johar Town Lahore,43041000.0
7,5,2,1,357.0,Saddar Rawalpindi,50725000.0
4,4,1,2,257.0,Bahria Town Rawalpindi,51537000.0
8,6,2,2,550.9,F-10 Islamabad,251502000.0
4,3,1,2,252.7,Hayatabad Peshawar,32428000.0
4,3,1,1,154.9,Satellite Town Rawalpindi,24926000.0
7,6,1,1,371.3,Gulshan-e-Iqbal Karachi,69607000.0
5,3,2,2,273.8,DHA Lahore,95672000.0
1,1,1,1,111.8,F-10 Islamabad,31238000.0
6,4,1,1,365.0,Satellite Town Rawalpindi,65684000.0
8,7,2,1,350.4,Saddar Rawalpindi,54978000.0
2,2,1,1,153.5,F-10 Islamabad,52549000.0
8,6,1,1,382.7,Clifton Karachi,121454000.0
7,6,2,2,366.4,Clifton Karachi,115096000.0
9,8,1,2,477.8,Johar Town Lahore,124114000.0
4,3,1,1,255.2,Hayatabad Peshawar,32811000.0
3,1,1,1,194.3,Bahria Town Rawalpindi,33110000.0
10,7,1,1,573.7,F-10 Islamabad,240482000.0
6,4,1,2,363.1,Bahria Town Rawalpindi,73863000.0
2,3,1,1,74.7,Gulshan-e-Iqbal Karachi,11603000.0
10,8,1,2,503.2,Gulshan-e-Iqbal Karachi,114291000.0
5,3,1,1,166.2,Hayatabad Peshawar,22330000.0
9,7,2,1,484.5,Johar Town Lahore,118609000.0
6,4,1,2,440.8,Bahria Town Rawalpindi,80084000.0
10,8,2,2,583.2,DHA Lahore,221815000.0
10,7,1,1,581.4,DHA Islamabad,209463000.0
6,4,1,2,208.2,Gulshan-e-Iqbal Karachi,38894000.0
10,8,1,1,473.9,Gulshan-e-Iqbal Karachi,91981000.0
4,4,1,1,231.1,Satellite Town Rawalpindi,38813000.0
8,8,2,1,399.8,Gulberg Lahore,148163000.0
6,4,2,2,382.8,Gulberg Lahore,135082000.0
2,1,1,1,89.5,DHA Islamabad,23805000.0
2,2,1,1,62.8,DHA Lahore,15692000.0
3,3,1,1,91.2,Johar Town Lahore,19414000.0
3,1,1,1,129.1,Saddar Rawalpindi,16992000.0
4,3,1,1,199.1,Saddar Rawalpindi,26794000.0
10,8,1,2,549.8,Bahria Town Rawalpindi,126231000.0
6,3,2,2,340.1,Gulberg Lahore,112129000.0
7,5,1,1,490.3,Johar Town Lahore,109199000.0
8,6,1,2,512.7,Gulberg Lahore,173037000.0
10,8,1,1,456.9,DHA Islamabad,155803000.0
5,5,1,1,271.3,Satellite Town Rawalpindi,43588000.0
10,8,1,2,526.5,Saddar Rawalpindi,104852000.0
8,7,1,1,460.7,Johar Town Lahore,113801000.0
8,6,1,1,461.3,Gulberg Lahore,189908000.0
9,7,2,1,546.9,Satellite Town Rawalpindi,113193000.0
7,5,2,1,383.3,DHA Islamabad,128144000.0
6,5,1,1,345.4,DHA Lahore,113675000.0
10,9,2,1,540.7,Saddar Rawalpindi,98632000.0
6,5,2,1,305.4,Hayatabad Peshawar,44387000.0
9,7,1,1,498.2,F-10 Islamabad,208141000.0
1,1,1,1,89.1,Gulshan-e-Iqbal Karachi,12087000.0
1,1,1,1,60.7,F-10 Islamabad,19279000.0
9,8,1,2,345.3,Bahria Town Rawalpindi,82891000.0
3,2,1,1,99.8,Gulberg Lahore,25823000.0
10,8,1,1,587.3,Satellite Town Rawalpindi,123993000.0
1,1,1,1,63.0,Gulshan-e-Iqbal Karachi,9174000.0
8,6,2,2,447.8,Johar Town Lahore,106852000.0
3,2,1,1,191.4,Gulberg Lahore,52024000.0
9,8,2,2,582.5,Bahria Town Rawalpindi,141893000.0
4,2,1,2,266.0,F-10 Islamabad,77017000.0
3,4,1,1,74.7,Bahria Town Rawalpindi,13596000.0
2,1,1,1,74.5,F-10 Islamabad,26455000.0
6,5,2,1,358.8,Gulshan-e-Iqbal Karachi,53070000.0
10,8,1,1,592.8,Bahria Town Rawalpindi,147088000.0
10,8,2,2,589.1,DHA Islamabad,225776000.0
4,3,1,2,242.1,Johar Town Lahore,45304000.0
6,5,1,1,320.7,Gulberg Lahore,110271000.0
2,1,1,1,114.2,Johar Town Lahore,22415000.0
7,5,2,1,342.0,Bahria Town Rawalpindi,65884000.0
7,7,1,2,383.8,F-10 Islamabad,154709000.0
3,2,1,1,195.6,DHA Lahore,59955000.0
7,5,2,1,390.5,Gulshan-e-Iqbal Karachi,77299000.0
9,6,2,1,545.8,DHA Lahore,207963000.0
1,2,1,1,60.5,Johar Town Lahore,11006000.0
3,2,1,1,183.6,Johar Town Lahore,33930000.0
4,5,1,1,173.4,F-10 Islamabad,64469000.0
1,1,1,1,126.9,Gulberg Lahore,35656000.0
3,3,1,1,149.7,DHA Lahore,47277000.0
8,7,1,2,398.0,DHA Islamabad,132669000.0
1,2,1,1,115.5,Gulshan-e-Iqbal Karachi,16587000.0
8,5,2,1,458.8,Clifton Karachi,147923000.0
10,8,1,2,539.0,Gulberg Lahore,196578000.0
10,8,1,1,560.4,DHA Lahore,251530000.0
6,5,1,2,416.5,Gulberg Lahore,156635000.0
4,3,1,1,166.6,Gulshan-e-Iqbal Karachi,23494000.0
1,1,1,1,106.1,Saddar Rawalpindi,13417000.0
4,3,1,1,185.3,Bahria Town Rawalpindi,35898000.0
10,8,2,2,579.5,DHA Lahore,225911000.0
10,7,1,1,579.7,DHA Islamabad,197473000.0
4,3,1,1,266.2,DHA Lahore,82393000.0
4,4,1,1,235.9,F-10 Islamabad,97038000.0
6,4,1,1,335.4,Gulberg Lahore,121541000.0
4,5,1,1,217.5,Johar Town Lahore,43495000.0
10,9,1,1,589.0,Gulberg Lahore,208050000.0
4,4,1,1,179.5,DHA Lahore,62426000.0
5,5,2,1,259.3,Saddar Rawalpindi,41122000.0
4,3,1,1,291.9,Saddar Rawalpindi,44339000.0
3,3,1,1,127.5,DHA Islamabad,32082000.0
5,5,2,1,266.7,DHA Lahore,98783000.0
10,9,1,2,522.6,Satellite Town Rawalpindi,105991000.0
3,2,1,1,135.8,Johar Town Lahore,27465000.0
7,6,1,1,375.4,F-10 Islamabad,153203000.0
6,5,1,2,279.6,Clifton Karachi,103065000.0
2,2,1,1,152.1,Bahria Town Rawalpindi,26398000.0
2,2,1,1,66.7,DHA Islamabad,16782000.0
4,3,1,1,207.6,Clifton Karachi,60839000.0
2,3,1,1,93.4,Johar Town Lahore,17883000.0
5,3,2,1,263.5,Saddar Rawalpindi,35417000.0
10,7,2,2,497.5,Gulberg Lahore,220513000.0
9,6,1,1,448.6,Satellite Town Rawalpindi,97273000.0
10,7,2,2,571.6,DHA Lahore,236257000.0
5,5,2,2,290.6,Saddar Rawalpindi,47355000.0
8,7,2,2,442.2,Bahria Town Rawalpindi,114772000.0
7,6,1,1,419.3,Bahria Town Rawalpindi,96038000.0
2,2,1,1,177.2,Saddar Rawalpindi,22316000.0
2,2,1,2,223.9,Satellite Town Rawalpindi,33717000.0
5,3,1,1,346.1,Hayatabad Peshawar,40376000.0
10,9,2,1,490.2,Gulberg Lahore,206195000.0
5,5,2,2,309.4,DHA Islamabad,104487000.0
5,4,1,1,183.0,Hayatabad Peshawar,26983000.0
10,7,1,2,596.5,Clifton Karachi,232307000.0
2,1,1,1,122.4,F-10 Islamabad,39944000.0
9,7,2,2,576.2,Saddar Rawalpindi,95102000.0
9,7,2,1,496.9,Satellite Town Rawalpindi,102490000.0
10,8,2,2,513.0,Gulberg Lahore,194951000.0
10,8,2,2,489.3,Saddar Rawalpindi,93637000.0
3,1,1,1,172.4,Saddar Rawalpindi,21109000.0
6,6,2,2,401.6,Johar Town Lahore,98843000.0
8,7,1,2,468.6,Clifton Karachi,181803000.0
8,7,1,1,462.7,F-10 Islamabad,202942000.0
5,4,1,1,206.6,Hayatabad Peshawar,28665000.0
5,3,1,1,157.8,Hayatabad Peshawar,22262000.0
5,4,1,2,237.2,Hayatabad Peshawar,36788000.0
5,4,1,1,319.1,Saddar Rawalpindi,46526000.0
8,7,1,2,369.8,DHA Islamabad,131061000.0
8,7,2,1,512.0,DHA Lahore,223331000.0
9,8,2,2,475.3,DHA Lahore,207476000.0
8,7,1,2,425.1,Hayatabad Peshawar,57681000.0
3,4,1,1,202.3,Clifton Karachi,55512000.0
5,4,1,2,318.6,Johar Town Lahore,73273000.0
4,4,1,1,241.1,Bahria Town Rawalpindi,43829000.0
5,4,1,1,186.9,Saddar Rawalpindi,30218000.0
3,1,1,1,65.5,Gulberg Lahore,20632000.0
5,4,1,1,243.3,Bahria Town Rawalpindi,44809000.0
3,2,1,1,198.3,Hayatabad Peshawar,22518000.0
6,5,1,1,368.8,F-10 Islamabad,140583000.0
2,1,1,1,93.6,DHA Islamabad,22806000.0
3,3,1,1,206.1,DHA Islamabad,62013000.0
1,1,1,1,84.2,DHA Lahore,21900000.0
8,7,1,2,406.4,Bahria Town Rawalpindi,95564000.0
6,6,1,1,366.8,Satellite Town Rawalpindi,73046000.0
4,2,1,2,242.2,Johar Town Lahore,52071000.0
2,1,1,1,139.6,Gulberg Lahore,38861000.0
10,9,1,2,577.3,DHA Islamabad,211452000.0
6,6,2,1,375.6,Johar Town Lahore,99131000.0
9,7,1,1,426.7,Bahria Town Rawalpindi,94469000.0
5,4,1,1,346.9,Hayatabad Peshawar,50166000.0
10,8,2,2,495.5,Gulberg Lahore,194833000.0
10,7,2,2,544.0,Johar Town Lahore,125609000.0
5,3,2,1,266.7,DHA Islamabad,76527000.0
9,7,2,1,432.6,Bahria Town Rawalpindi,97835000.0
3,2,1,1,184.1,F-10 Islamabad,61359000.0
7,5,2,2,412.0,DHA Islamabad,128222000.0
4,5,1,1,275.5,Gulshan-e-Iqbal Karachi,48535000.0
1,1,1,1,63.7,Hayatabad Peshawar,7511000.0
10,8,1,2,576.0,Hayatabad Peshawar,94694000.0
9,7,1,1,529.0,F-10 Islamabad,226200000.0
5,4,1,2,217.1,Saddar Rawalpindi,30063000.0
9,7,2,1,598.8,Johar Town Lahore,155745000.0
4,4,1,2,231.2,DHA Islamabad,73835000.0
7,6,2,1,307.8,DHA Islamabad,110558000.0
9,6,1,1,519.7,Clifton Karachi,174757000.0
3,2,1,1,224.5,DHA Lahore,78266000.0
5,4,2,1,303.3,DHA Islamabad,88385000.0
5,4,2,2,419.4,Hayatabad Peshawar,54698000.0
1,1,1,1,130.5,Saddar Rawalpindi,14345000.0
6,5,2,1,288.1,Johar Town Lahore,60985000.0
4,4,1,2,227.1,Hayatabad Peshawar,31233000.0
7,6,2,1,425.5,Hayatabad Peshawar,63170000.0
1,1,1,1,133.4,Hayatabad Peshawar,14308000.0
2,1,1,1,185.7,F-10 Islamabad,55621000.0
9,8,1,1,444.1,Satellite Town Rawalpindi,83101000.0
3,3,1,1,144.4,Johar Town Lahore,26877000.0
4,3,1,1,287.9,Gulshan-e-Iqbal Karachi,49722000.0
7,6,1,1,445.0,Satellite Town Rawalpindi,93209000.0
9,8,1,2,473.4,Bahria Town Rawalpindi,124637000.0
1,2,1,1,111.2,DHA Lahore,33577000.0
7,6,1,1,520.1,Bahria Town Rawalpindi,105855000.0
8,7,1,1,450.9,Gulberg Lahore,155869000.0
5,5,1,2,243.2,DHA Lahore,90273000.0
9,7,1,2,472.5,Satellite Town Rawalpindi,93674000.0
9,7,1,1,453.3,Satellite Town Rawalpindi,92687000.0
5,4,1,2,384.5,DHA Lahore,150571000.0
7,6,1,1,361.6,Gulberg Lahore,127446000.0
8,5,2,2,456.7,Johar Town Lahore,129294000.0
10,9,1,1,599.6,Hayatabad Peshawar,93118000.0
7,6,2,1,372.4,Hayatabad Peshawar,58073000.0
8,7,1,1,496.7,F-10 Islamabad,216930000.0
5,3,2,1,461.9,F-10 Islamabad,159671000.0
10,8,2,1,522.1,Gulshan-e-Iqbal Karachi,115802000.0
10,8,1,2,575.4,Gulberg Lahore,249746000.0
2,2,1,1,164.3,F-10 Islamabad,61940000.0
3,2,1,1,149.3,DHA Islamabad,40747000.0
6,5,2,2,376.6,DHA Lahore,120002000.0
5,3,2,2,302.6,DHA Lahore,107421000.0
6,4,1,1,368.2,Clifton Karachi,121306000.0
9,6,2,1,490.9,F-10 Islamabad,210334000.0
9,8,1,2,563.1,Gulshan-e-Iqbal Karachi,117465000.0
4,3,2,1,285.4,Gulshan-e-Iqbal Karachi,45291000.0
9,8,2,2,447.7,Johar Town Lahore,117127000.0
3,3,1,1,166.3,Bahria Town Rawalpindi,31642000.0
6,5,2,2,348.7,Johar Town Lahore,89041000.0
2,2,1,1,71.8,Gulshan-e-Iqbal Karachi,9710000.0
5,4,1,2,332.0,DHA Lahore,110449000.0
6,5,2,2,354.5,F-10 Islamabad,127366000.0
9,8,2,2,457.1,Johar Town Lahore,136267000.0
6,6,1,2,410.7,Gulberg Lahore,150075000.0
5,4,2,2,253.5,DHA Lahore,76526000.0
1,1,1,1,63.1,Gulberg Lahore,16444000.0
3,3,1,1,122.4,Gulberg Lahore,35093000.0
10,8,1,2,585.5,Gulshan-e-Iqbal Karachi,116439000.0
10,8,2,1,558.1,Johar Town Lahore,159212000.0
3,2,1,2,235.6,Johar Town Lahore,49846000.0
4,1,1,1,199.8,Gulshan-e-Iqbal Karachi,31296000.0
4,4,2,2,295.7,Gulberg Lahore,90137000.0
8,6,2,2,432.6,Bahria Town Rawalpindi,92063000.0
2,1,1,2,252.7,Satellite Town Rawalpindi,37449000.0
1,1,1,1,96.3,DHA Islamabad,22671000.0
6,4,1,2,277.5,Clifton Karachi,88378000.0
4,3,1,1,200.7,F-10 Islamabad,73986000.0
4,3,1,2,235.5,F-10 Islamabad,75951000.0
2,1,1,1,148.0,DHA Islamabad,35162000.0
6,5,1,2,415.8,Satellite Town Rawalpindi,74974000.0
6,5,1,2,344.4,DHA Lahore,138135000.0
3,3,1,2,206.3,Gulberg Lahore,65148000.0
8,5,2,1,359.1,Saddar Rawalpindi,59037000.0
6,4,2,2,326.1,DHA Islamabad,104596000.0
9,8,2,2,489.8,Clifton Karachi,182526000.0
9,7,1,2,576.2,Johar Town Lahore,158360000.0
2,1,1,1,130.6,Clifton Karachi,35051000.0
10,8,2,2,537.3,Bahria Town Rawalpindi,141318000.0
8,6,2,2,440.6,Hayatabad Peshawar,62690000.0
7,6,1,2,434.0,F-10 Islamabad,170265000.0
5,4,2,2,262.1,Gulshan-e-Iqbal Karachi,46887000.0
6,4,1,1,245.7,Saddar Rawalpindi,38333000.0
1,1,1,1,63.0,Gulberg Lahore,19279000.0
10,9,1,2,590.4,Bahria Town Rawalpindi,124924000.0
8,5,2,2,387.5,Gulberg Lahore,139104000.0
6,4,2,2,277.3,Saddar Rawalpindi,43016000.0
6,6,1,2,353.6,Satellite Town Rawalpindi,66332000.0
1,2,1,1,81.9,Hayatabad Peshawar,10578000.0
3,1,1,1,153.8,F-10 Islamabad,53588000.0
8,7,2,1,396.6,Clifton Karachi,125007000.0
7,7,2,1,337.7,Bahria Town Rawalpindi,81691000.0
9,7,1,2,485.0,Gulshan-e-Iqbal Karachi,108168000.0
8,8,2,1,415.7,DHA Lahore,170197000.0
6,5,1,2,384.8,Gulshan-e-Iqbal Karachi,61672000.0
10,8,2,2,500.2,Gulshan-e-Iqbal Karachi,105421000.0
3,2,1,1,96.9,Hayatabad Peshawar,12245000.0
9,8,2,2,433.1,Johar Town Lahore,122355000.0
8,7,1,2,446.4,Gulberg Lahore,144001000.0
5,5,1,2,208.6,Johar Town Lahore,44060000.0
2,3,1,1,165.7,Bahria Town Rawalpindi,30780000.0
3,2,1,1,175.5,Bahria Town Rawalpindi,33627000.0
3,5,1,1,167.0,Johar Town Lahore,35791000.0
5,5,1,2,342.8,Satellite Town Rawalpindi,65284000.0
3,3,1,1,133.2,Johar Town Lahore,27298000.0
6,4,2,1,416.0,Saddar Rawalpindi,68119000.0
2,1,1,1,116.7,Bahria Town Rawalpindi,19346000.0
1,1,1,1,74.5,DHA Lahore,21605000.0
3,2,1,2,232.4,Clifton Karachi,59681000.0
3,3,1,1,163.6,Gulberg Lahore,50290000.0
10,8,1,2,593.9,DHA Islamabad,197221000.0
3,2,1,2,223.6,DHA Islamabad,63518000.0
4,3,1,1,179.9,Hayatabad Peshawar,22496000.0
2,1,1,1,166.3,Clifton Karachi,44440000.0
7,6,1,2,261.9,F-10 Islamabad,101627000.0
7,5,2,2,387.2,F-10 Islamabad,154689000.0
8,7,1,1,482.3,DHA Islamabad,166556000.0
4,3,2,1,256.9,Hayatabad Peshawar,35535000.0
8,6,2,1,398.0,Bahria Town Rawalpindi,93970000.0
5,5,2,2,320.3,Saddar Rawalpindi,45755000.0
8,6,1,2,517.1,F-10 Islamabad,197001000.0
8,6,1,2,367.3,Gulberg Lahore,123605000.0
4,4,1,1,216.5,Gulberg Lahore,61720000.0
9,7,1,2,439.9,Satellite Town Rawalpindi,98492000.0
10,8,1,1,502.8,DHA Islamabad,197343000.0
6,4,2,2,311.3,Gulberg Lahore,97312000.0
10,9,1,2,593.1,Gulberg Lahore,264973000.0
8,8,2,1,534.7,Gulberg Lahore,218607000.0
2,1,1,1,166.4,F-10 Islamabad,46933000.0
9,7,2,2,484.8,Hayatabad Peshawar,73691000.0
9,7,2,1,384.5,DHA Lahore,137131000.0
8,8,2,1,348.8,DHA Lahore,139367000.0
7,6,2,1,337.5,DHA Lahore,127741000.0
9,7,1,2,520.8,Hayatabad Peshawar,84155000.0
6,4,1,2,389.9,Gulberg Lahore,110539000.0
6,4,2,1,350.4,Gulberg Lahore,104194000.0
1,1,1,1,86.4,Gulberg Lahore,23027000.0
7,5,1,1,302.1,Gulberg Lahore,107245000.0
10,7,1,1,550.3,DHA Islamabad,166473000.0
8,6,1,2,444.3,Clifton Karachi,140884000.0
2,2,1,1,87.5,DHA Islamabad,24139000.0
8,7,2,2,537.4,F-10 Islamabad,216443000.0
9,7,1,2,506.4,F-10 Islamabad,224535000.0
5,5,2,2,355.2,Gulberg Lahore,107875000.0
1,1,1,1,72.1,Saddar Rawalpindi,9274000.0
6,5,2,1,363.7,Clifton Karachi,101626000.0
1,1,1,1,89.5,Hayatabad Peshawar,9825000.0
4,4,1,1,233.0,Gulberg Lahore,76489000.0
7,6,2,1,399.6,Hayatabad Peshawar,63001000.0
10,8,1,2,553.0,DHA Islamabad,194743000.0
5,4,2,2,253.2,Johar Town Lahore,53536000.0
9,6,2,1,524.4,Saddar Rawalpindi,88522000.0
10,7,2,2,555.9,Johar Town Lahore,134047000.0
1,1,1,1,71.4,Hayatabad Peshawar,7951000.0
3,2,1,1,189.3,Gulberg Lahore,53748000.0
7,5,1,1,443.3,DHA Islamabad,135949000.0
8,6,1,1,468.7,Saddar Rawalpindi,82800000.0
7,7,1,2,271.9,DHA Islamabad,84036000.0
7,6,1,2,414.6,Saddar Rawalpindi,59816000.0
6,4,2,1,390.6,Saddar Rawalpindi,57710000.0
9,7,2,2,459.5,Satellite Town Rawalpindi,94895000.0
8,7,2,2,448.1,Johar Town Lahore,112805000.0
2,1,1,1,106.4,Satellite Town Rawalpindi,15234000.0
2,1,1,1,145.5,Bahria Town Rawalpindi,21981000.0
4,3,1,1,131.7,DHA Lahore,39544000.0
10,9,2,2,563.5,Bahria Town Rawalpindi,133701000.0
10,9,1,2,553.3,Saddar Rawalpindi,98432000.0
8,6,1,2,490.6,Gulshan-e-Iqbal Karachi,102229000.0
2,2,1,1,123.0,Saddar Rawalpindi,16126000.0
8,6,1,2,370.1,Saddar Rawalpindi,59753000.0
3,2,1,1,161.1,Gulberg Lahore,49538000.0
7,5,1,1,258.9,DHA Islamabad,84350000.0
3,2,1,1,204.2,Hayatabad Peshawar,22622000.0
9,8,2,1,507.6,Johar Town Lahore,102151000.0
4,4,1,1,138.0,Bahria Town Rawalpindi,23411000.0
6,5,1,1,408.9,Hayatabad Peshawar,60573000.0
9,7,1,2,591.3,Hayatabad Peshawar,101392000.0
7,6,2,2,431.0,DHA Lahore,146273000.0
3,3,1,1,102.8,Saddar Rawalpindi,14607000.0
8,6,2,2,550.2,DHA Islamabad,195555000.0
8,6,2,1,407.3,Bahria Town Rawalpindi,98034000.0
6,5,2,2,306.4,Gulberg Lahore,112090000.0
10,7,2,2,416.2,Gulshan-e-Iqbal Karachi,95339000.0
10,8,2,1,534.7,Bahria Town Rawalpindi,131605000.0
6,4,2,2,317.6,DHA Islamabad,102262000.0
8,6,1,2,346.9,Gulshan-e-Iqbal Karachi,65543000.0
6,5,1,2,304.3,Saddar Rawalpindi,50409000.0
1,1,1,1,99.2,Saddar Rawalpindi,10933000.0
8,5,1,1,485.0,Saddar Rawalpindi,77738000.0
2,2,1,1,128.3,Saddar Rawalpindi,17131000.0
5,3,2,1,273.1,Clifton Karachi,91121000.0
5,5,1,2,268.9,Johar Town Lahore,58020000.0
2,3,1,1,211.2,Satellite Town Rawalpindi,34334000.0
5,4,1,1,277.4,Gulberg Lahore,86544000.0
7,7,1,1,393.7,Bahria Town Rawalpindi,90521000.0
5,5,1,2,228.1,Saddar Rawalpindi,32895000.0
4,3,1,1,153.2,Gulberg Lahore,48443000.0
10,6,2,2,529.5,Hayatabad Peshawar,86462000.0
10,8,2,2,584.2,DHA Lahore,228243000.0
4,3,1,1,307.6,Satellite Town Rawalpindi,49074000.0
5,4,1,1,236.6,DHA Islamabad,75941000.0
1,1,1,1,85.6,Gulshan-e-Iqbal Karachi,11154000.0
2,1,1,1,79.9,DHA Lahore,20728000.0
6,5,1,2,272.2,Johar Town Lahore,64049000.0
9,8,1,2,562.3,F-10 Islamabad,224371000.0
9,7,2,1,454.6,Hayatabad Peshawar,81399000.0
6,5,1,2,248.6,DHA Lahore,99547000.0
10,7,2,2,582.7,Satellite Town Rawalpindi,130802000.0
3,2,1,1,291.5,DHA Lahore,89138000.0
3,2,1,2,209.5,DHA Islamabad,63240000.0
4,4,2,2,290.2,Satellite Town Rawalpindi,54304000.0
4,3,1,1,174.2,F-10 Islamabad,59504000.0
10,8,1,2,538.2,F-10 Islamabad,273715000.0
2,3,2,1,255.0,Satellite Town Rawalpindi,37067000.0
7,5,2,2,415.3,Satellite Town Rawalpindi,77103000.0
6,4,2,1,270.1,Hayatabad Peshawar,33443000.0
10,8,1,2,546.9,DHA Lahore,232059000.0
8,5,1,1,406.9,Saddar Rawalpindi,64497000.0
6,6,2,2,323.7,Gulberg Lahore,109694000.0
1,1,1,1,131.4,Saddar Rawalpindi,15781000.0
10,8,2,1,547.0,Johar Town Lahore,139608000.0
7,3,2,2,355.3,DHA Islamabad,111634000.0
5,4,1,2,213.9,DHA Lahore,80437000.0
10,7,1,2,534.1,Johar Town Lahore,129157000.0
2,2,1,1,89.4,F-10 Islamabad,30970000.0
5,5,1,2,229.6,DHA Lahore,82154000.0
6,5,1,2,349.9,Johar Town Lahore,82205000.0
3,2,1,2,243.5,DHA Islamabad,65701000.0
6,6,2,1,317.4,Bahria Town Rawalpindi,63043000.0
4,3,1,1,202.7,Saddar Rawalpindi,29214000.0
3,4,1,1,130.2,Gulberg Lahore,40439000.0
1,1,1,1,79.9,Clifton Karachi,19041000.0
4,4,1,1,145.1,Clifton Karachi,39065000.0
10,8,2,1,574.6,Clifton Karachi,218492000.0
6,6,1,2,370.7,DHA Lahore,144022000.0
5,4,2,2,324.0,Johar Town Lahore,77102000.0
6,6,1,2,267.5,Satellite Town Rawalpindi,53518000.0
7,6,1,1,442.5,Hayatabad Peshawar,67563000.0
5,4,1,1,136.3,F-10 Islamabad,49883000.0
3,3,1,1,209.1,Gulshan-e-Iqbal Karachi,32773000.0
9,8,1,2,414.2,Hayatabad Peshawar,62167000.0
6,6,1,2,318.7,DHA Islamabad,97048000.0
10,8,2,2,475.8,Saddar Rawalpindi,87515000.0
9,6,1,2,544.4,Johar Town Lahore,133997000.0
9,8,1,1,504.6,Hayatabad Peshawar,82275000.0
4,2,1,1,159.5,Clifton Karachi,40859000.0
3,2,1,1,109.4,Satellite Town Rawalpindi,15388000.0
4,3,1,1,151.5,Bahria Town Rawalpindi,29189000.0
8,5,2,2,483.1,Bahria Town Rawalpindi,99378000.0
10,8,2,2,553.5,Hayatabad Peshawar,89847000.0
10,9,1,1,559.7,Johar Town Lahore,150417000.0
3,2,1,1,221.0,Clifton Karachi,56906000.0
10,9,1,1,513.8,Bahria Town Rawalpindi,132221000.0
6,6,2,1,349.6,F-10 Islamabad,129406000.0
9,8,2,1,504.3,Satellite Town Rawalpindi,103646000.0
7,5,2,2,356.1,Gulberg Lahore,118582000.0
2,2,1,1,138.8,Clifton Karachi,37502000.0
2,2,1,1,102.8,Gulberg Lahore,27498000.0
10,9,2,2,576.9,F-10 Islamabad,274639000.0
5,5,2,1,289.9,Bahria Town Rawalpindi,62865000.0
6,3,1,1,249.3,Hayatabad Peshawar,32318000.0
6,4,1,1,252.4,Hayatabad Peshawar,33423000.0
5,4,1,1,264.6,Bahria Town Rawalpindi,49710000.0
10,7,2,2,570.3,Gulberg Lahore,245743000.0
1,1,1,1,93.9,Clifton Karachi,23546000.0
4,3,1,1,124.3,DHA Lahore,43548000.0
8,6,1,1,486.4,Gulshan-e-Iqbal Karachi,91514000.0
7,5,2,2,356.7,F-10 Islamabad,160021000.0
3,2,1,1,129.4,DHA Islamabad,35298000.0
1,1,1,1,78.6,Gulberg Lahore,21379000.0
2,2,1,1,181.1,Clifton Karachi,43540000.0
3,2,1,1,200.8,Bahria Town Rawalpindi,30963000.0
1,2,1,1,67.7,Saddar Rawalpindi,9079000.0
3,2,1,1,176.7,DHA Islamabad,50327000.0
10,7,1,2,458.7,DHA Islamabad,191778000.0
9,6,1,1,521.9,Johar Town Lahore,115508000.0
9,7,1,2,545.0,Johar Town Lahore,144023000.0
5,5,2,1,270.6,Gulberg Lahore,82633000.0
5,3,1,2,232.5,F-10 Islamabad,81835000.0
10,8,1,2,599.9,DHA Islamabad,210695000.0
10,8,1,2,475.4,Gulshan-e-Iqbal Karachi,102515000.0
5,5,2,1,350.2,DHA Lahore,117697000.0
5,4,1,1,197.6,Bahria Town Rawalpindi,38044000.0
4,3,1,2,233.5,DHA Lahore,81174000.0
6,5,1,2,338.3,Hayatabad Peshawar,52780000.0
6,5,2,1,352.7,F-10 Islamabad,147061000.0
1,1,1,1,67.4,Satellite Town Rawalpindi,9750000.0
9,6,1,1,578.1,F-10 Islamabad,245536000.0
6,5,1,1,370.8,F-10 Islamabad,139237000.0
7,6,2,1,378.1,F-10 Islamabad,163165000.0
2,1,1,1,174.2,Gulberg Lahore,43605000.0
7,6,2,2,473.1,Bahria Town Rawalpindi,103804000.0
7,5,2,2,458.1,Clifton Karachi,143546000.0
2,1,1,1,111.4,Gulberg Lahore,30009000.0
7,5,2,2,381.3,Gulshan-e-Iqbal Karachi,66485000.0
7,6,1,2,415.4,Johar Town Lahore,96664000.0
10,9,2,2,511.2,DHA Lahore,211122000.0
4,4,1,1,171.3,Johar Town Lahore,33803000.0
10,8,1,1,533.9,Bahria Town Rawalpindi,124492000.0
4,4,1,1,309.2,Gulshan-e-Iqbal Karachi,42362000.0
1,1,1,1,112.1,Bahria Town Rawalpindi,15573000.0
3,2,1,1,117.0,Gulshan-e-Iqbal Karachi,18914000.0
3,2,1,1,166.8,Hayatabad Peshawar,20629000.0
5,4,1,2,212.7,Saddar Rawalpindi,30186000.0
6,6,2,2,328.1,Johar Town Lahore,83226000.0
10,9,1,1,464.3,Gulberg Lahore,174493000.0
4,2,1,1,160.8,Satellite Town Rawalpindi,24303000.0
10,8,2,1,596.0,F-10 Islamabad,260266000.0
2,1,1,1,147.2,Johar Town Lahore,30596000.0
7,5,2,2,383.7,Saddar Rawalpindi,63625000.0
10,8,1,1,561.6,Hayatabad Peshawar,94280000.0
8,7,2,2,509.6,Hayatabad Peshawar,84296000.0
9,7,1,2,409.9,DHA Islamabad,124740000.0
9,7,2,1,446.4,Satellite Town Rawalpindi,86310000.0
2,2,1,1,132.5,Bahria Town Rawalpindi,23005000.0
2,1,1,1,65.2,Clifton Karachi,16988000.0
5,4,1,2,294.4,Hayatabad Peshawar,46906000.0
1,2,1,1,108.3,Gulshan-e-Iqbal Karachi,15017000.0
6,6,1,1,253.2,Hayatabad Peshawar,39190000.0
2,1,1,1,180.8,Gulberg Lahore,51614000.0
10,7,1,2,554.8,Gulberg Lahore,215744000.0
10,8,2,2,535.2,Gulberg Lahore,217640000.0
10,9,2,1,502.2,Gulberg Lahore,196319000.0
9,7,1,1,445.5,Gulshan-e-Iqbal Karachi,76319000.0
3,3,1,1,143.2,DHA Lahore,45990000.0
2,1,1,1,86.1,Saddar Rawalpindi,11128000.0
7,5,2,2,413.1,DHA Lahore,161908000.0
8,5,2,2,406.8,Gulberg Lahore,147020000.0
3,2,1,2,259.5,F-10 Islamabad,95106000.0
7,4,1,2,315.3,Clifton Karachi,96749000.0
4,4,2,2,324.1,Satellite Town Rawalpindi,61125000.0
3,3,1,1,189.6,Satellite Town Rawalpindi,27659000.0
3,2,1,1,229.6,F-10 Islamabad,76717000.0
4,2,1,1,285.9,Johar Town Lahore,59762000.0
7,6,1,1,385.7,Gulshan-e-Iqbal Karachi,69157000.0
10,9,1,2,576.1,Clifton Karachi,233293000.0
8,7,2,1,350.8,DHA Islamabad,117054000.0
8,7,1,2,454.8,Clifton Karachi,162822000.0
9,7,1,2,495.8,DHA Islamabad,171176000.0
2,1,1,1,121.3,Bahria Town Rawalpindi,19095000.0
9,7,2,2,412.7,Gulshan-e-Iqbal Karachi,97812000.0
7,4,2,1,320.3,Bahria Town Rawalpindi,62020000.0
6,6,1,1,369.1,Gulberg Lahore,105043000.0
1,1,1,1,80.7,Clifton Karachi,19237000.0
10,9,2,2,549.4,Gulshan-e-Iqbal Karachi,120167000.0
10,8,1,2,574.5,DHA Lahore,234926000.0
1,1,1,1,61.9,Bahria Town Rawalpindi,10537000.0
4,4,1,1,174.9,Saddar Rawalpindi,26731000.0
2,1,1,1,157.3,Hayatabad Peshawar,17810000.0
10,8,1,2,481.9,Satellite Town Rawalpindi,89283000.0
7,6,2,1,383.0,Saddar Rawalpindi,57095000.0
2,2,1,1,155.8,DHA Lahore,46156000.0
9,7,2,2,499.5,Satellite Town Rawalpindi,91080000.0
4,3,2,1,250.9,Johar Town Lahore,50851000.0
6,4,2,1,308.9,Bahria Town Rawalpindi,68122000.0
5,5,1,1,269.1,Satellite Town Rawalpindi,47748000.0
5,4,1,2,341.5,Gulberg Lahore,110329000.0
4,3,2,2,319.3,Hayatabad Peshawar,39607000.0
4,3,1,2,208.3,DHA Lahore,69289000.0
6,6,2,1,289.3,Satellite Town Rawalpindi,52403000.0
10,7,2,2,550.5,Johar Town Lahore,148348000.0
6,4,2,1,331.6,Johar Town Lahore,78120000.0
9,7,2,1,554.8,Gulberg Lahore,222093000.0
7,5,1,1,357.1,Satellite Town Rawalpindi,65663000.0
10,9,2,2,475.2,DHA Islamabad,184915000.0
5,4,1,2,218.5,Johar Town Lahore,46040000.0
9,7,1,2,486.8,DHA Lahore,212006000.0
3,3,1,1,202.7,Johar Town Lahore,37753000.0
1,1,1,1,70.6,F-10 Islamabad,21454000.0
4,5,1,1,146.8,Gulshan-e-Iqbal Karachi,26916000.0
2,2,1,1,71.7,DHA Lahore,20575000.0
10,8,1,1,571.4,F-10 Islamabad,235799000.0
9,7,2,1,600.0,F-10 Islamabad,258648000.0
7,4,1,1,471.6,Gulshan-e-Iqbal Karachi,92382000.0
3,2,1,1,118.4,F-10 Islamabad,33516000.0
10,9,1,1,545.4,Gulberg Lahore,216110000.0
9,8,1,1,461.6,Clifton Karachi,160800000.0
4,3,1,2,239.4,Gulberg Lahore,72542000.0
7,6,2,2,331.2,DHA Lahore,124089000.0
8,7,1,1,417.4,F-10 Islamabad,190346000.0
2,3,1,1,73.0,Gulberg Lahore,20821000.0
4,4,2,1,330.8,Gulshan-e-Iqbal Karachi,59511000.0
7,5,1,2,455.5,Johar Town Lahore,116489000.0
3,1,1,1,161.6,Hayatabad Peshawar,19340000.0
7,6,1,1,299.6,Saddar Rawalpindi,47088000.0
8,7,2,2,347.6,DHA Islamabad,123826000.0
8,7,2,2,457.2,DHA Lahore,190419000.0
10,8,2,2,580.8,Gulberg Lahore,212285000.0
7,6,1,2,518.1,Clifton Karachi,179159000.0
8,6,2,2,395.6,F-10 Islamabad,167991000.0
6,5,1,1,375.2,Hayatabad Peshawar,51779000.0
10,8,1,2,385.7,Gulberg Lahore,143889000.0
6,5,2,1,354.4,Johar Town Lahore,77585000.0
4,2,1,1,92.1,Bahria Town Rawalpindi,17876000.0
9,8,2,2,437.1,Hayatabad Peshawar,71047000.0
7,5,2,1,446.8,Hayatabad Peshawar,71521000.0
6,4,2,1,336.7,Saddar Rawalpindi,52130000.0
10,9,2,2,530.0,Gulberg Lahore,197439000.0
7,5,1,2,423.1,DHA Islamabad,137677000.0
5,5,1,2,255.8,Gulshan-e-Iqbal Karachi,41342000.0
2,2,1,1,70.6,DHA Lahore,21870000.0
2,1,1,1,91.9,Hayatabad Peshawar,10493000.0
5,5,1,2,250.0,Gulshan-e-Iqbal Karachi,46695000.0
4,3,2,1,309.5,Johar Town Lahore,70861000.0
3,3,1,1,150.1,Hayatabad Peshawar,16537000.0
3,3,1,1,162.2,Saddar Rawalpindi,21328000.0
1,2,1,1,184.3,Johar Town Lahore,30773000.0
9,7,2,2,481.5,DHA Islamabad,196692000.0
9,8,1,1,476.5,Bahria Town Rawalpindi,105985000.0
4,3,1,2,266.8,DHA Lahore,79572000.0
2,1,1,1,153.1,Clifton Karachi,46139000.0
2,1,1,1,119.9,DHA Islamabad,28552000.0
4,3,1,1,107.0,Bahria Town Rawalpindi,17342000.0
5,5,1,2,271.3,Gulshan-e-Iqbal Karachi,43938000.0
3,3,1,1,84.6,Saddar Rawalpindi,11607000.0
4,2,1,2,240.2,DHA Islamabad,67027000.0
9,8,1,1,579.2,Johar Town Lahore,139878000.0
7,5,1,1,334.1,DHA Islamabad,101944000.0
9,6,1,2,504.2,Gulshan-e-Iqbal Karachi,100208000.0
2,2,1,1,129.8,Satellite Town Rawalpindi,21062000.0
3,2,1,1,204.8,Satellite Town Rawalpindi,32060000.0
10,9,1,1,571.1,Clifton Karachi,208119000.0
6,6,1,1,267.1,Clifton Karachi,85872000.0
8,6,1,1,410.1,Hayatabad Peshawar,65873000.0
10,8,2,1,587.1,Clifton Karachi,248027000.0
8,8,2,1,357.4,DHA Lahore,132575000.0
2,2,1,1,224.9,Saddar Rawalpindi,31200000.0
5,4,1,2,347.3,Clifton Karachi,105461000.0
1,3,1,1,89.5,Satellite Town Rawalpindi,11721000.0
3,2,1,1,120.7,Johar Town Lahore,20404000.0
1,1,1,1,63.9,Satellite Town Rawalpindi,9795000.0
9,7,2,2,537.5,DHA Islamabad,210155000.0
7,4,1,1,422.5,DHA Islamabad,125512000.0
4,3,1,1,221.1,Bahria Town Rawalpindi,39806000.0
2,2,1,1,179.4,Clifton Karachi,41977000.0
7,6,1,1,428.9,Gulshan-e-Iqbal Karachi,84023000.0
10,7,1,1,556.5,F-10 Islamabad,248366000.0
5,4,1,2,221.5,Bahria Town Rawalpindi,38604000.0
4,3,1,2,233.6,Satellite Town Rawalpindi,38926000.0
9,8,1,2,521.3,Saddar Rawalpindi,83812000.0
8,7,1,2,542.4,Gulshan-e-Iqbal Karachi,111168000.0
10,8,1,2,553.6,Johar Town Lahore,136091000.0
3,2,1,2,218.3,DHA Lahore,69718000.0
1,2,1,1,125.0,DHA Islamabad,29766000.0
4,4,1,2,297.6,F-10 Islamabad,91778000.0
3,3,1,1,219.7,Satellite Town Rawalpindi,36842000.0
9,8,1,1,537.3,Gulberg Lahore,218036000.0
1,1,1,1,79.8,Gulshan-e-Iqbal Karachi,10781000.0
6,4,1,1,402.3,Gulshan-e-Iqbal Karachi,71344000.0
10,7,1,2,549.3,Gulberg Lahore,217982000.0
10,8,1,1,587.4,F-10 Islamabad,276313000.0
10,9,1,2,411.1,Gulshan-e-Iqbal Karachi,98480000.0
9,8,1,1,573.0,Bahria Town Rawalpindi,135330000.0
2,2,1,1,100.9,Johar Town Lahore,18496000.0
5,5,2,2,254.0,Satellite Town Rawalpindi,46895000.0
1,1,1,1,64.7,Gulshan-e-Iqbal Karachi,8802000.0
10,7,1,2,589.8,Saddar Rawalpindi,97570000.0
10,7,1,2,547.5,DHA Islamabad,212432000.0
1,1,1,1,75.1,F-10 Islamabad,24054000.0
3,2,1,1,69.8,Gulberg Lahore,17335000.0
3,4,1,1,258.2,Gulberg Lahore,73644000.0
3,3,1,1,199.6,F-10 Islamabad,72486000.0
10,8,1,2,517.3,Hayatabad Peshawar,77399000.0
4,4,1,1,146.7,Bahria Town Rawalpindi,25980000.0
9,6,2,2,487.0,Gulshan-e-Iqbal Karachi,116112000.0
8,6,1,1,359.4,Clifton Karachi,120385000.0
3,4,2,1,263.8,Clifton Karachi,83518000.0
3,2,1,1,138.7,F-10 Islamabad,51586000.0
10,9,1,2,598.8,Gulberg Lahore,223710000.0
6,5,2,2,393.7,Clifton Karachi,132648000.0
8,7,2,2,297.3,Gulberg Lahore,127132000.0
5,5,1,2,260.4,Gulshan-e-Iqbal Karachi,47373000.0
8,6,2,1,549.1,DHA Islamabad,214661000.0
10,8,2,1,503.4,DHA Islamabad,175084000.0
8,6,1,1,498.0,Saddar Rawalpindi,92570000.0
8,6,2,1,392.7,Clifton Karachi,136954000.0
10,8,2,2,539.5,DHA Islamabad,194616000.0
3,2,1,1,221.6,Satellite Town Rawalpindi,35425000.0
10,9,1,1,440.0,DHA Islamabad,159478000.0
6,5,1,1,278.4,Hayatabad Peshawar,39354000.0
6,6,2,2,384.0,Saddar Rawalpindi,64519000.0
10,6,1,1,599.0,Hayatabad Peshawar,83503000.0
10,7,1,2,591.6,Hayatabad Peshawar,92164000.0
6,5,1,2,336.8,Gulberg Lahore,119390000.0
6,6,2,2,369.9,Saddar Rawalpindi,64278000.0
10,8,1,1,544.6,F-10 Islamabad,254191000.0
10,7,2,2,592.2,Johar Town Lahore,160005000.0
7,5,1,1,480.4,F-10 Islamabad,198061000.0
2,1,1,1,95.2,Johar Town Lahore,18625000.0
2,1,1,1,234.2,Satellite Town Rawalpindi,30519000.0
9,9,1,1,544.1,DHA Lahore,216454000.0
7,5,1,2,474.9,Bahria Town Rawalpindi,99188000.0
7,6,2,1,460.8,Gulberg Lahore,164800000.0
8,6,1,1,420.7,Saddar Rawalpindi,59197000.0
5,4,1,2,284.2,Johar Town Lahore,56640000.0
5,3,1,1,277.8,Clifton Karachi,82770000.0
8,6,1,1,496.8,DHA Lahore,202714000.0
3,3,1,1,218.6,Gulberg Lahore,62098000.0
8,7,1,2,429.8,Clifton Karachi,145480000.0
8,7,2,2,452.2,Clifton Karachi,169010000.0
10,7,2,2,516.1,Satellite Town Rawalpindi,105506000.0
5,5,1,2,232.7,Clifton Karachi,78389000.0
8,7,2,1,460.6,Hayatabad Peshawar,71560000.0
1,1,1,1,117.5,Satellite Town Rawalpindi,15193000.0
2,2,1,1,134.6,DHA Islamabad,38078000.0
5,4,2,2,285.4,DHA Lahore,108837000.0
1,1,1,1,89.8,DHA Lahore,23510000.0
9,8,1,1,571.8,DHA Islamabad,206246000.0
10,7,2,1,547.0,Bahria Town Rawalpindi,124943000.0
4,5,1,1,86.4,Saddar Rawalpindi,13187000.0
9,6,2,1,512.7,Gulberg Lahore,177874000.0
6,5,1,2,334.8,Bahria Town Rawalpindi,72768000.0
7,6,2,1,439.1,Gulberg Lahore,167857000.0
10,8,2,2,538.9,Gulberg Lahore,200074000.0
8,6,2,1,371.6,Bahria Town Rawalpindi,81871000.0
3,3,1,1,122.8,Bahria Town Rawalpindi,23676000.0
2,2,1,1,61.4,Saddar Rawalpindi,7347000.0
6,4,2,2,328.3,Satellite Town Rawalpindi,56334000.0
10,7,2,2,572.6,Johar Town Lahore,158794000.0
8,6,2,2,369.2,Clifton Karachi,129123000.0
5,3,2,2,261.4,Hayatabad Peshawar,31954000.0
1,2,1,1,76.7,Satellite Town Rawalpindi,10797000.0
10,9,2,2,554.1,DHA Islamabad,233620000.0
4,4,1,2,236.7,Hayatabad Peshawar,36401000.0
9,8,1,1,440.6,DHA Islamabad,147747000.0
8,6,1,2,434.9,DHA Islamabad,136536000.0
2,1,1,1,197.1,DHA Lahore,55230000.0
2,1,1,1,94.4,Saddar Rawalpindi,13342000.0
5,4,1,2,267.9,DHA Islamabad,84824000.0
5,5,1,2,231.3,Gulberg Lahore,83879000.0
9,7,2,2,438.1,F-10 Islamabad,211156000.0
10,8,2,1,502.7,DHA Lahore,191628000.0
4,3,1,1,180.1,Hayatabad Peshawar,21692000.0
6,5,1,2,345.2,Gulberg Lahore,110809000.0
3,3,1,1,81.9,F-10 Islamabad,27221000.0
5,3,1,1,175.7,Bahria Town Rawalpindi,31438000.0
9,6,1,1,471.4,F-10 Islamabad,194255000.0
9,8,2,1,488.4,Bahria Town Rawalpindi,118857000.0
9,8,1,1,479.3,Clifton Karachi,176350000.0
3,2,1,1,136.9,DHA Lahore,45465000.0
7,7,1,1,357.6,Johar Town Lahore,87454000.0
7,5,2,2,288.3,Satellite Town Rawalpindi,51697000.0
10,9,1,2,595.4,Clifton Karachi,232103000.0
9,7,1,2,413.2,Bahria Town Rawalpindi,84483000.0
10,8,1,1,565.0,DHA Lahore,196060000.0
1,1,1,1,138.5,Gulberg Lahore,37889000.0
5,4,2,1,303.5,Satellite Town Rawalpindi,56080000.0
8,7,2,2,476.7,Gulberg Lahore,179078000.0
5,4,2,2,258.6,Bahria Town Rawalpindi,50035000.0
7,6,2,2,401.6,Saddar Rawalpindi,60542000.0
5,5,1,2,336.3,DHA Lahore,128236000.0
10,7,1,2,595.6,Bahria Town Rawalpindi,144032000.0
4,4,1,1,153.9,Gulshan-e-Iqbal Karachi,25910000.0
10,7,2,1,565.1,F-10 Islamabad,256322000.0
5,4,2,1,276.8,Satellite Town Rawalpindi,46187000.0
6,5,2,1,312.7,Satellite Town Rawalpindi,52119000.0
7,5,1,2,345.4,DHA Lahore,130251000.0
3,3,1,2,203.3,Clifton Karachi,56255000.0
10,8,2,2,580.4,Clifton Karachi,215912000.0
10,8,2,2,552.2,Gulshan-e-Iqbal Karachi,131763000.0
9,8,2,2,585.4,DHA Islamabad,210840000.0
10,7,1,1,598.3,Gulberg Lahore,188030000.0
7,5,2,1,421.7,Bahria Town Rawalpindi,85216000.0
5,5,2,1,303.9,Gulshan-e-Iqbal Karachi,49809000.0
10,8,1,2,519.4,DHA Islamabad,187218000.0
3,1,1,1,72.9,Johar Town Lahore,12400000.0
8,7,2,2,510.6,Saddar Rawalpindi,91301000.0
6,5,2,1,328.5,Hayatabad Peshawar,46522000.0
7,5,2,1,423.5,Gulberg Lahore,141583000.0
4,1,2,2,262.0,DHA Islamabad,73303000.0
4,4,1,1,259.1,Gulshan-e-Iqbal Karachi,42515000.0
1,1,1,1,77.1,DHA Islamabad,18573000.0
6,4,1,2,288.8,DHA Islamabad,87227000.0
5,4,2,1,280.5,Hayatabad Peshawar,38656000.0
2,2,1,1,181.4,Satellite Town Rawalpindi,27583000.0
5,3,1,1,193.6,Gulshan-e-Iqbal Karachi,32571000.0
8,7,1,1,375.4,Satellite Town Rawalpindi,78681000.0
3,4,1,1,231.6,DHA Islamabad,61965000.0
10,9,2,2,508.3,DHA Islamabad,194165000.0
3,3,1,1,120.1,Gulberg Lahore,41175000.0
7,6,1,2,371.9,DHA Islamabad,121494000.0
3,2,1,1,146.4,Satellite Town Rawalpindi,22399000.0
6,5,1,1,345.2,DHA Islamabad,96964000.0
7,6,2,1,358.4,Johar Town Lahore,81512000.0
8,6,1,1,406.8,Satellite Town Rawalpindi,76926000.0
5,3,2,1,290.8,Saddar Rawalpindi,44119000.0
4,2,2,1,335.1,F-10 Islamabad,123707000.0
3,3,1,1,157.7,Johar Town Lahore,32029000.0
5,4,2,2,310.0,Clifton Karachi,103451000.0
6,4,2,1,261.4,Saddar Rawalpindi,37299000.0
8,7,2,1,419.7,DHA Lahore,171243000.0
5,3,1,2,294.8,Gulberg Lahore,92950000.0
10,8,2,2,480.8,Saddar Rawalpindi,89540000.0
5,5,1,2,290.0,Satellite Town Rawalpindi,49822000.0
4,4,1,1,187.3,Johar Town Lahore,36537000.0
4,3,1,2,207.8,DHA Islamabad,54126000.0
3,3,1,1,84.5,Johar Town Lahore,17145000.0
6,4,2,1,351.6,Satellite Town Rawalpindi,64394000.0
9,7,1,2,508.7,Hayatabad Peshawar,81356000.0
7,6,2,2,475.3,DHA Lahore,182334000.0
6,5,1,2,296.4,Bahria Town Rawalpindi,57658000.0
2,2,1,1,165.9,Clifton Karachi,45908000.0
9,7,2,2,526.3,Satellite Town Rawalpindi,108213000.0
1,1,1,1,90.7,Hayatabad Peshawar,9912000.0
5,4,2,1,275.6,DHA Islamabad,87394000.0
8,7,2,2,522.6,Gulberg Lahore,204157000.0
3,3,2,1,272.3,Johar Town Lahore,49179000.0
3,2,1,1,123.7,Bahria Town Rawalpindi,21515000.0
2,2,1,1,203.6,Satellite Town Rawalpindi,28208000.0
8,5,2,2,384.0,Bahria Town Rawalpindi,84708000.0
4,3,1,1,142.1,Gulshan-e-Iqbal Karachi,17858000.0
7,5,2,2,413.7,Hayatabad Peshawar,63158000.0
7,5,1,1,296.6,Gulshan-e-Iqbal Karachi,56751000.0
4,3,1,2,240.6,Saddar Rawalpindi,33980000.0
5,4,1,1,190.1,F-10 Islamabad,65109000.0
9,6,1,1,504.6,Satellite Town Rawalpindi,111872000.0
3,2,2,1,274.2,DHA Lahore,92474000.0
8,5,1,1,458.8,DHA Islamabad,142986000.0
7,7,2,2,297.8,DHA Lahore,114455000.0
3,3,1,1,109.6,Gulberg Lahore,27624000.0
5,4,2,1,297.9,Johar Town Lahore,67242000.0
6,5,2,1,334.2,F-10 Islamabad,120140000.0
7,6,1,1,307.2,Johar Town Lahore,75761000.0
9,8,2,1,500.8,DHA Lahore,220598000.0
10,7,1,2,551.9,Gulberg Lahore,211421000.0
8,7,2,2,484.9,Gulshan-e-Iqbal Karachi,89859000.0
8,7,1,2,374.7,Gulberg Lahore,150028000.0
7,6,1,2,352.4,Saddar Rawalpindi,57729000.0
7,6,2,2,408.1,F-10 Islamabad,173503000.0
3,1,1,2,215.4,Satellite Town Rawalpindi,30660000.0
10,7,2,2,498.4,DHA Lahore,211398000.0
10,8,1,1,522.7,DHA Islamabad,184880000.0
4,4,1,2,204.3,Bahria Town Rawalpindi,35281000.0
8,7,2,2,547.5,Saddar Rawalpindi,103935000.0
10,8,2,1,518.3,Satellite Town Rawalpindi,122249000.0
6,6,2,1,289.2,F-10 Islamabad,125763000.0
10,9,2,1,550.9,Clifton Karachi,224833000.0
3,2,1,1,125.0,Clifton Karachi,38690000.0
1,2,1,1,75.1,Bahria Town Rawalpindi,11360000.0
4,2,1,2,247.8,DHA Lahore,73659000.0
6,4,1,1,365.3,Gulshan-e-Iqbal Karachi,61724000.0
4,3,1,1,249.8,Hayatabad Peshawar,32893000.0
10,7,1,2,568.7,Satellite Town Rawalpindi,114895000.0
5,4,1,1,197.5,Bahria Town Rawalpindi,35239000.0
3,3,1,2,211.9,F-10 Islamabad,74486000.0
9,7,2,1,402.8,DHA Lahore,161459000.0
1,1,1,1,62.1,Bahria Town Rawalpindi,10450000.0
8,6,2,1,452.9,Clifton Karachi,158230000.0
6,3,2,2,263.8,DHA Islamabad,69855000.0
9,6,2,1,588.0,Bahria Town Rawalpindi,135504000.0
8,6,1,1,433.4,DHA Islamabad,158942000.0
1,1,1,1,88.2,Gulberg Lahore,23136000.0
2,1,1,1,110.0,Saddar Rawalpindi,14755000.0
2,3,1,1,107.6,Bahria Town Rawalpindi,17912000.0
10,8,1,1,574.4,Hayatabad Peshawar,98890000.0
8,5,2,2,429.4,F-10 Islamabad,172592000.0
6,4,2,2,290.9,DHA Islamabad,89197000.0
3,4,1,1,168.3,Gulberg Lahore,49569000.0
10,9,1,2,531.8,Saddar Rawalpindi,101797000.0
3,3,1,1,168.8,Bahria Town Rawalpindi,28264000.0
10,7,2,1,441.6,DHA Islamabad,141686000.0
9,7,2,2,472.2,Satellite Town Rawalpindi,99864000.0
3,3,1,2,219.1,Clifton Karachi,64914000.0
4,3,2,1,332.7,Gulberg Lahore,102795000.0
2,1,1,1,180.4,Saddar Rawalpindi,24111000.0
4,3,1,2,264.6,Satellite Town Rawalpindi,42848000.0
10,8,2,1,581.2,Gulberg Lahore,232306000.0
7,5,2,1,434.3,Clifton Karachi,141268000.0
10,9,2,2,517.2,DHA Islamabad,190784000.0
6,5,2,1,351.9,Gulberg Lahore,121567000.0
3,2,1,1,189.1,Clifton Karachi,60335000.0
9,7,2,2,445.0,F-10 Islamabad,210845000.0
7,6,2,2,330.3,Hayatabad Peshawar,52683000.0
2,3,1,1,155.5,Hayatabad Peshawar,19965000.0
5,5,2,2,282.7,F-10 Islamabad,93165000.0
5,5,2,1,402.8,DHA Lahore,145164000.0
7,6,2,1,457.1,F-10 Islamabad,202166000.0
3,2,1,1,191.3,Johar Town Lahore,37301000.0
10,9,2,2,533.0,Bahria Town Rawalpindi,130545000.0
4,4,1,2,265.0,DHA Lahore,83168000.0
3,2,1,1,206.4,Clifton Karachi,55122000.0
3,3,1,1,165.4,Clifton Karachi,43935000.0
9,8,1,2,494.3,Clifton Karachi,195615000.0
4,2,2,1,251.2,F-10 Islamabad,98042000.0
8,6,1,1,321.0,Saddar Rawalpindi,60182000.0
3,3,1,1,180.3,Gulshan-e-Iqbal Karachi,26584000.0
8,5,1,1,430.5,Saddar Rawalpindi,66415000.0
8,5,1,1,481.8,Johar Town Lahore,107979000.0
5,4,1,2,243.3,Satellite Town Rawalpindi,38975000.0
10,8,2,1,570.3,DHA Lahore,222735000.0
3,3,1,1,76.5,Saddar Rawalpindi,10021000.0
2,3,1,1,131.8,F-10 Islamabad,46845000.0
8,6,1,2,377.9,F-10 Islamabad,152807000.0
9,7,1,2,438.8,Johar Town Lahore,120390000.0
5,3,1,1,195.4,Clifton Karachi,63868000.0
6,5,2,2,359.2,Saddar Rawalpindi,58344000.0
4,4,1,1,231.9,Gulberg Lahore,77580000.0
7,6,2,2,359.2,Satellite Town Rawalpindi,62396000.0
9,7,1,2,416.0,Gulberg Lahore,150558000.0
10,8,2,1,585.3,Johar Town Lahore,157759000.0
6,6,2,2,306.1,Hayatabad Peshawar,46629000.0
7,6,2,2,410.0,Johar Town Lahore,109698000.0
4,4,2,2,372.1,Gulshan-e-Iqbal Karachi,59187000.0
3,2,1,1,231.5,Satellite Town Rawalpindi,34085000.0
3,2,1,1,196.7,Hayatabad Peshawar,23927000.0
10,8,1,1,593.5,Johar Town Lahore,149954000.0
4,4,1,1,171.7,DHA Lahore,52526000.0
8,6,2,2,486.7,F-10 Islamabad,203402000.0
2,1,1,1,139.2,Johar Town Lahore,25076000.0
9,6,1,1,494.3,Hayatabad Peshawar,84933000.0
4,4,1,1,160.3,Johar Town Lahore,31109000.0
10,9,2,1,582.3,Gulberg Lahore,245581000.0
8,7,1,2,430.4,Bahria Town Rawalpindi,104792000.0
2,2,1,1,108.7,DHA Lahore,31115000.0
9,8,1,1,434.3,F-10 Islamabad,197008000.0
8,7,1,1,386.0,Hayatabad Peshawar,62395000.0
4,4,1,2,242.3,Johar Town Lahore,53039000.0
2,2,1,1,200.8,Bahria Town Rawalpindi,33989000.0
8,6,2,1,448.1,DHA Islamabad,143161000.0
8,6,2,1,460.3,Satellite Town Rawalpindi,93205000.0
5,4,1,2,236.7,Hayatabad Peshawar,31807000.0
9,7,2,2,533.2,Saddar Rawalpindi,94799000.0
5,3,1,2,205.2,Bahria Town Rawalpindi,39721000.0
2,1,1,1,97.7,Bahria Town Rawalpindi,16993000.0
6,5,2,2,383.9,F-10 Islamabad,176149000.0
2,2,1,1,117.8,Saddar Rawalpindi,14380000.0
6,5,1,1,209.4,Saddar Rawalpindi,32377000.0
7,8,1,1,333.9,Satellite Town Rawalpindi,57893000.0
5,3,1,1,214.6,Bahria Town Rawalpindi,44500000.0
2,2,1,1,176.1,Bahria Town Rawalpindi,29728000.0
7,7,2,1,439.7,Satellite Town Rawalpindi,82978000.0
6,6,2,1,355.4,Hayatabad Peshawar,52646000.0
10,8,2,1,513.5,Gulshan-e-Iqbal Karachi,108605000.0
7,6,1,2,373.9,Bahria Town Rawalpindi,75980000.0
5,4,1,1,321.1,DHA Islamabad,102172000.0
3,4,1,1,201.1,DHA Islamabad,58465000.0
8,7,2,2,487.7,Gulshan-e-Iqbal Karachi,103026000.0
3,2,1,1,166.3,Satellite Town Rawalpindi,24234000.0
5,4,1,1,190.8,Clifton Karachi,55223000.0
8,5,2,1,514.5,F-10 Islamabad,213053000.0
9,8,1,2,460.2,Saddar Rawalpindi,86559000.0
8,7,2,2,391.0,DHA Islamabad,140465000.0
1,2,1,1,81.0,Satellite Town Rawalpindi,11031000.0
2,2,1,1,128.7,Satellite Town Rawalpindi,20008000.0
7,4,1,1,330.0,Gulshan-e-Iqbal Karachi,54893000.0
7,7,1,1,463.0,Satellite Town Rawalpindi,83790000.0
6,5,1,2,310.6,Clifton Karachi,102174000.0
1,1,1,1,69.3,Johar Town Lahore,11308000.0
1,2,1,1,159.5,Gulberg Lahore,39983000.0
7,7,1,2,377.9,Hayatabad Peshawar,64609000.0
7,5,1,2,434.9,Gulshan-e-Iqbal Karachi,88266000.0
1,1,1,1,78.1,F-10 Islamabad,27943000.0
3,3,1,1,83.4,Hayatabad Peshawar,10788000.0
6,4,1,1,201.1,DHA Islamabad,63392000.0
2,1,1,1,105.1,Clifton Karachi,27084000.0
7,7,2,2,352.7,F-10 Islamabad,148144000.0
3,2,1,1,126.8,Gulshan-e-Iqbal Karachi,20584000.0
7,5,1,2,410.0,DHA Lahore,166403000.0
7,5,1,2,479.7,DHA Lahore,187516000.0
10,9,1,2,584.1,Gulshan-e-Iqbal Karachi,117508000.0
9,6,1,2,572.1,Saddar Rawalpindi,100871000.0
5,4,1,2,207.6,DHA Lahore,67766000.0
2,3,1,1,75.9,Hayatabad Peshawar,9032000.0
3,4,1,1,237.9,Johar Town Lahore,53901000.0
8,7,2,1,442.6,Bahria Town Rawalpindi,90631000.0
4,4,1,1,92.3,DHA Islamabad,30403000.0
6,6,2,2,254.2,F-10 Islamabad,108910000.0
4,3,1,2,220.9,Gulshan-e-Iqbal Karachi,35105000.0
3,3,1,1,178.4,Johar Town Lahore,35600000.0
8,8,2,1,441.3,Gulberg Lahore,157641000.0
7,5,1,2,415.9,Johar Town Lahore,93858000.0
8,7,1,2,349.2,Satellite Town Rawalpindi,69227000.0
10,8,2,2,551.8,Clifton Karachi,206696000.0
1,1,1,1,115.7,DHA Islamabad,26289000.0
3,2,1,1,140.8,DHA Islamabad,36770000.0
5,4,2,1,267.1,Johar Town Lahore,52983000.0
8,7,1,1,414.2,DHA Lahore,146582000.0
7,6,1,1,375.4,Satellite Town Rawalpindi,63559000.0
3,3,1,1,100.0,Clifton Karachi,31511000.0
10,8,1,1,577.5,Saddar Rawalpindi,106554000.0
3,2,1,1,224.7,Clifton Karachi,64474000.0
5,4,1,1,253.8,Gulberg Lahore,80380000.0
7,6,2,1,396.8,Gulshan-e-Iqbal Karachi,77645000.0
9,7,2,2,570.4,Clifton Karachi,227520000.0
7,6,2,2,417.9,Gulshan-e-Iqbal Karachi,82518000.0
10,8,1,2,575.6,F-10 Islamabad,296450000.0
1,2,1,1,161.3,Gulshan-e-Iqbal Karachi,23167000.0
7,5,1,2,394.2,Gulberg Lahore,142014000.0
9,7,2,2,507.6,Saddar Rawalpindi,94512000.0
6,6,2,1,334.9,Saddar Rawalpindi,50053000.0
4,3,1,1,255.6,Clifton Karachi,74402000.0
9,7,2,2,591.8,Hayatabad Peshawar,84437000.0
1,1,1,1,136.1,Johar Town Lahore,23964000.0
6,5,2,2,281.9,DHA Islamabad,88032000.0
9,6,2,2,531.6,Clifton Karachi,187777000.0
9,8,2,1,546.3,Saddar Rawalpindi,94514000.0
10,8,2,1,589.4,Bahria Town Rawalpindi,145306000.0
9,8,1,1,537.8,Bahria Town Rawalpindi,115776000.0
2,1,1,1,87.5,Gulberg Lahore,26726000.0
10,8,2,1,562.1,Satellite Town Rawalpindi,122724000.0
6,5,1,2,291.2,Johar Town Lahore,62925000.0
6,3,1,2,411.9,Hayatabad Peshawar,59672000.0
4,4,2,1,272.9,Satellite Town Rawalpindi,49042000.0
9,6,1,2,499.4,Clifton Karachi,182578000.0
9,7,2,2,371.0,Gulshan-e-Iqbal Karachi,70613000.0
9,8,2,2,516.6,Gulberg Lahore,232546000.0
2,1,1,1,164.6,DHA Islamabad,43156000.0
3,2,1,1,159.9,DHA Lahore,44654000.0
6,5,2,2,297.8,Clifton Karachi,99940000.0
2,1,1,1,62.6,F-10 Islamabad,19617000.0
7,5,1,2,434.1,F-10 Islamabad,177014000.0
3,3,1,2,219.9,DHA Islamabad,55794000.0
7,5,1,1,360.9,Saddar Rawalpindi,57228000.0
3,2,1,1,97.8,Satellite Town Rawalpindi,14093000.0
3,3,1,1,152.1,Satellite Town Rawalpindi,23266000.0
7,5,1,1,396.3,DHA Lahore,148385000.0
3,4,1,2,225.1,Clifton Karachi,64025000.0
5,4,1,1,175.9,Hayatabad Peshawar,23374000.0
3,3,1,1,183.6,Clifton Karachi,54770000.0
4,4,1,1,176.0,Gulberg Lahore,50837000.0
7,5,1,1,396.3,Gulberg Lahore,128715000.0
3,2,1,1,150.6,Gulshan-e-Iqbal Karachi,21012000.0
3,2,2,2,255.9,DHA Lahore,76677000.0
6,5,2,1,431.5,Satellite Town Rawalpindi,78691000.0
7,5,1,2,337.4,Satellite Town Rawalpindi,65298000.0
7,5,1,2,382.5,DHA Islamabad,115899000.0
4,4,1,1,195.5,Gulshan-e-Iqbal Karachi,33633000.0
9,7,2,2,563.7,DHA Lahore,232521000.0
4,3,1,1,283.5,Johar Town Lahore,52300000.0
5,4,1,1,215.0,F-10 Islamabad,81138000.0
10,8,1,1,548.3,DHA Lahore,245990000.0
7,7,2,1,413.9,Gulberg Lahore,129183000.0
8,6,1,1,391.5,DHA Islamabad,147430000.0
10,8,2,1,538.8,Saddar Rawalpindi,93877000.0
2,1,1,1,91.6,Bahria Town Rawalpindi,13294000.0
10,8,1,2,512.3,DHA Lahore,217271000.0
7,5,1,2,426.0,F-10 Islamabad,183737000.0
6,4,2,1,254.4,Bahria Town Rawalpindi,50030000.0
4,4,1,1,198.4,DHA Lahore,66910000.0
2,2,1,1,116.6,Hayatabad Peshawar,15907000.0
10,8,1,1,568.2,Hayatabad Peshawar,95445000.0
3,3,1,1,136.6,DHA Lahore,51777000.0
4,2,1,1,200.1,Johar Town Lahore,43453000.0
9,8,2,2,433.2,Hayatabad Peshawar,72518000.0
9,8,2,1,443.5,F-10 Islamabad,204590000.0
4,5,1,1,146.8,Hayatabad Peshawar,19377000.0
5,5,1,1,499.6,Bahria Town Rawalpindi,99816000.0
7,6,1,2,335.6,F-10 Islamabad,145008000.0
10,9,1,1,518.2,Gulberg Lahore,198080000.0
2,1,1,1,107.1,DHA Islamabad,24283000.0
2,1,1,1,83.1,Saddar Rawalpindi,11393000.0
8,6,1,1,404.0,Satellite Town Rawalpindi,82201000.0
3,3,1,1,141.0,DHA Lahore,39822000.0
6,4,1,2,343.5,Satellite Town Rawalpindi,61522000.0
3,2,1,1,67.6,Saddar Rawalpindi,9611000.0
10,8,2,2,481.2,Saddar Rawalpindi,94566000.0
10,9,2,1,545.7,Saddar Rawalpindi,96188000.0
10,8,1,1,513.0,Clifton Karachi,204283000.0
10,8,2,1,577.5,Bahria Town Rawalpindi,137593000.0
10,9,1,2,547.7,Hayatabad Peshawar,96200000.0
5,5,1,1,299.8,Clifton Karachi,87466000.0
6,5,1,1,275.1,Satellite Town Rawalpindi,34329000.0
10,8,1,1,543.9,Hayatabad Peshawar,85175000.0
10,9,1,1,560.5,F-10 Islamabad,269659000.0
10,8,2,2,585.3,DHA Lahore,245765000.0
8,7,1,1,474.9,F-10 Islamabad,212182000.0
5,5,1,1,169.1,DHA Islamabad,54704000.0
8,7,2,1,570.3,Hayatabad Peshawar,87907000.0
10,7,2,2,571.5,Hayatabad Peshawar,92789000.0
7,5,2,2,419.7,Hayatabad Peshawar,53533000.0
10,8,1,1,522.9,Satellite Town Rawalpindi,96520000.0
7,6,1,1,363.0,Gulshan-e-Iqbal Karachi,61191000.0
10,8,1,1,569.8,Johar Town Lahore,155231000.0
2,3,1,1,110.7,Hayatabad Peshawar,13184000.0
9,8,2,2,526.5,Clifton Karachi,190221000.0
1,1,1,1,90.0,Gulshan-e-Iqbal Karachi,12046000.0
4,2,1,1,243.1,F-10 Islamabad,79647000.0
2,2,1,1,133.1,Saddar Rawalpindi,18234000.0
6,5,2,1,318.7,Satellite Town Rawalpindi,57987000.0
4,2,1,1,185.4,Gulshan-e-Iqbal Karachi,31229000.0
9,7,1,1,574.1,Johar Town Lahore,122343000.0
5,3,2,1,362.0,F-10 Islamabad,139417000.0
10,8,1,2,544.8,DHA Islamabad,191582000.0
4,3,1,1,210.2,Clifton Karachi,59795000.0
2,1,1,1,74.0,Gulshan-e-Iqbal Karachi,11730000.0
9,7,1,2,478.9,Saddar Rawalpindi,81443000.0
10,7,1,1,439.3,Hayatabad Peshawar,73887000.0
7,5,1,2,354.6,Johar Town Lahore,77270000.0
10,7,2,1,500.3,Satellite Town Rawalpindi,103445000.0
10,8,2,2,513.6,Gulshan-e-Iqbal Karachi,97220000.0
5,3,2,2,377.5,Gulberg Lahore,120531000.0
8,7,1,1,581.6,Satellite Town Rawalpindi,116024000.0
8,7,1,1,448.6,DHA Islamabad,162758000.0
8,7,1,1,425.5,Clifton Karachi,140262000.0
5,5,1,1,255.2,Hayatabad Peshawar,34057000.0
2,2,1,1,61.2,Gulshan-e-Iqbal Karachi,8681000.0
3,3,1,1,190.1,Hayatabad Peshawar,23416000.0
8,7,2,2,472.5,DHA Islamabad,152944000.0
8,7,1,1,443.3,Johar Town Lahore,92610000.0
4,3,1,2,238.8,Saddar Rawalpindi,31506000.0
8,6,1,1,397.8,Gulshan-e-Iqbal Karachi,75524000.0
3,2,1,1,165.5,Satellite Town Rawalpindi,25052000.0
3,3,1,2,202.4,Johar Town Lahore,42530000.0
10,8,1,2,571.6,Gulshan-e-Iqbal Karachi,127113000.0
5,5,1,2,283.1,DHA Lahore,96658000.0
5,5,1,1,192.3,Satellite Town Rawalpindi,29617000.0
5,4,2,2,323.0,Bahria Town Rawalpindi,66066000.0
4,4,1,2,269.0,F-10 Islamabad,99350000.0
9,5,1,1,453.9,Bahria Town Rawalpindi,96613000.0
10,9,1,1,579.5,Gulshan-e-Iqbal Karachi,132573000.0
6,4,1,1,379.5,F-10 Islamabad,149869000.0
8,7,1,1,379.2,Gulberg Lahore,138688000.0
7,6,2,2,257.0,Satellite Town Rawalpindi,49912000.0
6,6,1,1,364.9,Gulberg Lahore,130982000.0
6,5,1,1,232.4,Bahria Town Rawalpindi,44564000.0
1,1,1,1,60.6,DHA Islamabad,13822000.0
10,8,2,1,527.7,F-10 Islamabad,239798000.0
4,3,2,2,291.9,Hayatabad Peshawar,35836000.0
7,4,1,1,325.7,Clifton Karachi,104324000.0
1,1,1,1,105.1,Hayatabad Peshawar,11871000.0
9,6,2,1,512.0,F-10 Islamabad,221970000.0
2,2,1,1,152.0,Gulberg Lahore,41064000.0
5,4,2,1,281.7,Bahria Town Rawalpindi,61453000.0
10,9,1,2,513.7,DHA Lahore,234087000.0
5,4,2,1,307.2,Clifton Karachi,94738000.0
10,8,2,1,562.8,Saddar Rawalpindi,103101000.0
3,2,1,1,173.0,DHA Lahore,58048000.0
10,7,2,2,446.2,Saddar Rawalpindi,77612000.0
9,7,1,1,588.1,Clifton Karachi,196178000.0
6,5,1,1,356.8,Gulberg Lahore,120264000.0
7,6,1,2,433.8,Hayatabad Peshawar,67488000.0
6,5,1,2,272.3,DHA Lahore,101818000.0
9,6,2,2,465.7,Bahria Town Rawalpindi,112239000.0
8,7,1,2,550.8,Hayatabad Peshawar,82458000.0
7,6,2,1,439.7,Hayatabad Peshawar,59921000.0
9,8,1,2,565.4,DHA Islamabad,193155000.0
8,6,2,2,377.9,Satellite Town Rawalpindi,77276000.0
8,5,1,2,371.7,Hayatabad Peshawar,52776000.0
4,4,1,2,224.5,Satellite Town Rawalpindi,32610000.0
8,6,2,1,443.2,F-10 Islamabad,190575000.0
10,9,1,1,536.3,Clifton Karachi,195353000.0
6,5,2,2,409.0,Johar Town Lahore,83688000.0
4,3,1,1,185.8,Clifton Karachi,54222000.0
7,6,1,2,353.8,Clifton Karachi,117115000.0
8,6,1,2,468.2,Gulshan-e-Iqbal Karachi,101227000.0
10,8,1,1,567.3,Johar Town Lahore,149660000.0
3,2,1,1,144.6,Gulshan-e-Iqbal Karachi,23025000.0
3,2,1,1,128.8,Johar Town Lahore,24941000.0
4,3,1,1,283.0,DHA Islamabad,75787000.0
3,4,1,1,127.8,DHA Islamabad,34348000.0
10,9,1,1,589.4,Hayatabad Peshawar,106898000.0
6,5,2,1,289.1,Hayatabad Peshawar,43996000.0
7,7,2,1,348.1,Clifton Karachi,108204000.0
3,2,1,1,182.6,Bahria Town Rawalpindi,28900000.0
6,7,1,1,302.5,Saddar Rawalpindi,44514000.0
10,8,1,1,591.7,Bahria Town Rawalpindi,149122000.0
5,5,1,1,323.9,DHA Lahore,98627000.0
2,3,1,1,64.8,Gulberg Lahore,19420000.0
2,1,1,1,191.0,DHA Islamabad,49249000.0
10,9,1,1,588.4,Saddar Rawalpindi,108569000.0
10,8,2,1,594.1,Johar Town Lahore,152797000.0
3,2,1,1,173.7,Gulberg Lahore,53726000.0
7,6,1,1,392.2,Johar Town Lahore,93146000.0
1,1,1,1,101.5,DHA Islamabad,22187000.0
7,6,2,1,371.8,DHA Lahore,128630000.0
2,1,1,1,128.0,Johar Town Lahore,20766000.0
9,7,1,1,502.1,Gulberg Lahore,201922000.0
10,9,2,1,567.4,Satellite Town Rawalpindi,133366000.0
3,3,1,1,153.4,F-10 Islamabad,56927000.0
6,5,2,2,309.9,Bahria Town Rawalpindi,63883000.0
4,4,1,1,115.1,Johar Town Lahore,21655000.0
6,4,1,2,243.1,Satellite Town Rawalpindi,39860000.0
2,1,1,1,95.2,DHA Lahore,25640000.0
3,2,1,2,202.9,DHA Islamabad,54677000.0
9,8,2,1,594.7,Hayatabad Peshawar,107268000.0
2,2,1,1,84.1,DHA Lahore,27392000.0
10,8,1,1,523.8,Bahria Town Rawalpindi,118693000.0
2,2,1,1,101.8,Clifton Karachi,22956000.0
3,2,1,2,345.7,Gulberg Lahore,92433000.0
6,6,2,1,304.1,Hayatabad Peshawar,48627000.0
10,8,1,1,563.0,Gulberg Lahore,221086000.0
3,3,1,1,167.5,Clifton Karachi,46080000.0
4,3,1,1,157.0,Johar Town Lahore,31118000.0
9,8,2,2,464.3,F-10 Islamabad,201783000.0
8,6,1,1,451.9,Johar Town Lahore,99852000.0
9,8,2,2,437.6,Bahria Town Rawalpindi,118392000.0
1,2,1,1,74.1,Gulshan-e-Iqbal Karachi,11955000.0
4,4,1,2,200.4,Saddar Rawalpindi,27497000.0
9,7,1,1,513.5,Hayatabad Peshawar,71629000.0
6,4,1,1,384.5,Gulberg Lahore,126351000.0
7,8,1,2,385.2,Gulberg Lahore,139827000.0
5,3,1,1,219.8,Clifton Karachi,68459000.0
5,5,1,1,200.5,Gulshan-e-Iqbal Karachi,36813000.0
10,8,1,1,571.1,Hayatabad Peshawar,86834000.0
7,6,1,1,453.0,DHA Islamabad,159131000.0
1,1,1,1,128.5,F-10 Islamabad,38671000.0
10,8,1,1,566.4,F-10 Islamabad,268897000.0
7,6,2,2,374.5,F-10 Islamabad,155285000.0
4,3,1,1,240.0,Johar Town Lahore,52189000.0
7,7,1,1,274.5,Satellite Town Rawalpindi,43466000.0
8,7,2,2,451.7,DHA Islamabad,164895000.0
5,4,2,2,263.2,Saddar Rawalpindi,37700000.0
8,7,2,2,372.5,Clifton Karachi,134966000.0
8,8,1,2,443.7,Clifton Karachi,174506000.0
6,4,1,1,165.5,Gulshan-e-Iqbal Karachi,27178000.0
9,7,2,2,569.9,Bahria Town Rawalpindi,123356000.0
4,2,1,2,252.3,Saddar Rawalpindi,34186000.0
4,4,1,1,286.5,F-10 Islamabad,100819000.0
10,9,2,2,437.2,Johar Town Lahore,111209000.0
8,6,2,2,388.7,Gulshan-e-Iqbal Karachi,76956000.0
5,5,2,2,297.7,Clifton Karachi,97105000.0
7,5,2,1,410.9,Gulberg Lahore,146680000.0
10,8,2,2,547.5,DHA Lahore,219865000.0
9,7,2,1,492.2,Johar Town Lahore,117459000.0
10,9,2,2,505.1,DHA Islamabad,188191000.0
4,3,1,1,199.5,Gulshan-e-Iqbal Karachi,31624000.0
6,5,2,2,286.5,Bahria Town Rawalpindi,58716000.0
7,6,2,2,359.1,Johar Town Lahore,83001000.0
1,1,1,1,83.9,Gulshan-e-Iqbal Karachi,12034000.0
9,8,1,2,475.7,DHA Islamabad,158261000.0
3,3,1,1,234.7,Hayatabad Peshawar,29176000.0
4,3,1,1,212.6,DHA Lahore,67094000.0
4,4,1,2,200.0,DHA Islamabad,58109000.0
5,4,1,1,213.0,Gulshan-e-Iqbal Karachi,39104000.0
5,4,1,1,242.5,Clifton Karachi,67187000.0
7,7,2,2,386.6,Gulshan-e-Iqbal Karachi,63010000.0
8,6,2,2,375.1,Saddar Rawalpindi,61227000.0
4,3,1,1,198.1,Johar Town Lahore,37198000.0
5,3,1,1,171.5,Satellite Town Rawalpindi,22428000.0
10,9,2,1,506.2,DHA Lahore,242870000.0
2,3,1,1,110.1,Johar Town Lahore,22059000.0
7,6,2,2,336.9,Bahria Town Rawalpindi,76739000.0
7,6,1,2,341.1,Clifton Karachi,113724000.0
6,5,1,1,370.0,F-10 Islamabad,148964000.0
9,7,2,2,538.3,Gulshan-e-Iqbal Karachi,106946000.0
6,5,1,2,396.9,Saddar Rawalpindi,65721000.0
10,8,2,2,585.8,Satellite Town Rawalpindi,126419000.0
9,6,2,2,530.5,Hayatabad Peshawar,85091000.0
2,2,1,1,176.0,Bahria Town Rawalpindi,29695000.0
4,3,1,1,190.2,Bahria Town Rawalpindi,38333000.0
4,3,1,1,246.2,Hayatabad Peshawar,32129000.0
6,5,1,1,271.4,DHA Lahore,89535000.0
9,7,2,1,358.6,DHA Islamabad,128360000.0
4,4,1,1,185.6,Gulberg Lahore,59108000.0
3,3,1,1,180.1,Satellite Town Rawalpindi,27939000.0
5,5,1,1,266.0,Gulberg Lahore,85695000.0
8,7,1,1,422.9,DHA Islamabad,131761000.0
8,6,1,1,431.6,Gulshan-e-Iqbal Karachi,82776000.0
10,8,1,2,587.1,F-10 Islamabad,248182000.0
3,1,1,1,169.3,Gulberg Lahore,46340000.0
5,5,1,2,272.1,DHA Islamabad,79245000.0
10,8,2,2,580.9,Clifton Karachi,238051000.0
8,8,2,1,432.6,DHA Lahore,192775000.0
9,7,2,2,379.8,Satellite Town Rawalpindi,71541000.0
7,5,1,2,351.4,Gulberg Lahore,121478000.0
2,2,1,1,100.8,F-10 Islamabad,32208000.0
10,8,2,1,542.4,Bahria Town Rawalpindi,133293000.0
6,5,2,2,397.8,F-10 Islamabad,161883000.0
6,5,1,2,368.7,DHA Lahore,129671000.0
6,4,1,1,351.3,DHA Islamabad,106657000.0
2,1,2,1,271.6,DHA Lahore,79062000.0
3,3,1,1,197.5,Satellite Town Rawalpindi,34405000.0
10,7,1,2,467.9,Saddar Rawalpindi,78986000.0
6,4,1,1,335.2,Gulshan-e-Iqbal Karachi,59370000.0
1,1,1,1,78.3,Satellite Town Rawalpindi,11377000.0
5,4,1,1,275.5,Saddar Rawalpindi,41715000.0
8,8,1,1,561.4,Gulshan-e-Iqbal Karachi,108848000.0
5,5,1,2,261.9,Satellite Town Rawalpindi,50582000.0
6,6,1,1,283.1,Bahria Town Rawalpindi,49727000.0
7,6,2,1,396.9,Satellite Town Rawalpindi,69277000.0
7,6,1,2,492.9,Gulberg Lahore,181974000.0
7,7,2,2,421.0,Saddar Rawalpindi,67018000.0
10,7,2,2,519.0,Hayatabad Peshawar,81178000.0
2,1,1,1,121.5,Johar Town Lahore,21556000.0
9,7,2,2,559.3,DHA Islamabad,187573000.0
10,9,1,1,548.1,DHA Lahore,241335000.0
5,3,2,2,340.3,DHA Lahore,124308000.0
7,6,1,1,397.4,Hayatabad Peshawar,59493000.0
2,2,1,1,174.9,Hayatabad Peshawar,22314000.0
4,4,2,2,301.9,Clifton Karachi,83904000.0
3,3,1,1,169.5,Hayatabad Peshawar,21363000.0
2,3,1,1,71.9,DHA Lahore,23948000.0
10,8,1,2,589.7,DHA Lahore,264604000.0
3,3,1,1,199.9,Satellite Town Rawalpindi,34491000.0
6,4,1,1,380.3,Gulshan-e-Iqbal Karachi,63435000.0
5,3,1,1,222.1,Johar Town Lahore,49632000.0
5,5,1,1,260.1,Johar Town Lahore,55381000.0
5,3,1,2,274.8,Gulshan-e-Iqbal Karachi,48303000.0
5,4,1,1,240.9,Saddar Rawalpindi,38640000.0
7,6,1,2,404.2,Johar Town Lahore,91386000.0
10,9,2,1,578.9,DHA Islamabad,186622000.0
5,3,2,1,291.5,Bahria Town Rawalpindi,62951000.0
10,9,2,1,585.6,Bahria Town Rawalpindi,146708000.0
10,8,2,1,420.6,Johar Town Lahore,111044000.0
7,5,1,2,387.9,Clifton Karachi,127863000.0
3,2,1,1,188.0,Saddar Rawalpindi,21275000.0
2,2,1,1,94.0,F-10 Islamabad,31151000.0
9,8,1,1,520.0,Saddar Rawalpindi,87878000.0
7,6,2,1,369.9,Gulshan-e-Iqbal Karachi,70177000.0
6,4,2,2,283.8,DHA Islamabad,88728000.0
9,6,1,2,498.5,Gulberg Lahore,140671000.0
5,5,1,2,227.7,Gulberg Lahore,77487000.0
9,6,2,2,483.2,Satellite Town Rawalpindi,98398000.0
3,2,1,2,237.1,Hayatabad Peshawar,30260000.0
10,9,2,2,557.3,Satellite Town Rawalpindi,119239000.0
4,4,1,1,204.7,Johar Town Lahore,42929000.0
3,3,1,1,134.3,Johar Town Lahore,26984000.0
9,6,1,2,437.0,Gulberg Lahore,164606000.0
3,2,1,1,147.9,Saddar Rawalpindi,20270000.0
10,9,2,1,572.7,DHA Islamabad,216369000.0
8,6,1,1,414.0,F-10 Islamabad,195973000.0
4,4,1,1,184.7,Bahria Town Rawalpindi,32777000.0
4,3,1,1,172.8,Johar Town Lahore,34361000.0
10,9,2,2,558.9,Gulberg Lahore,252926000.0
7,5,2,1,388.2,F-10 Islamabad,156516000.0
10,8,2,1,542.6,DHA Lahore,242762000.0
1,1,1,1,119.5,Satellite Town Rawalpindi,16922000.0
10,9,2,1,559.7,Clifton Karachi,211915000.0
7,6,1,1,340.8,Satellite Town Rawalpindi,67770000.0
7,5,2,2,420.9,Hayatabad Peshawar,65695000.0
5,4,1,2,261.4,Satellite Town Rawalpindi,40242000.0
2,3,1,1,91.9,Gulberg Lahore,26445000.0
10,9,1,2,577.3,Satellite Town Rawalpindi,114804000.0
9,6,2,1,597.1,Hayatabad Peshawar,102994000.0
4,3,1,1,256.9,Hayatabad Peshawar,37202000.0
10,9,2,2,569.7,Gulberg Lahore,260732000.0
1,1,1,1,150.6,F-10 Islamabad,47622000.0
1,1,1,1,143.5,Clifton Karachi,35063000.0
2,2,1,1,99.5,Hayatabad Peshawar,12084000.0
5,3,1,2,271.3,Satellite Town Rawalpindi,42768000.0
1,1,1,1,88.2,Clifton Karachi,25935000.0
4,3,2,1,273.1,Bahria Town Rawalpindi,55091000.0
1,2,1,1,134.7,DHA Lahore,39630000.0
9,8,1,2,454.5,Gulshan-e-Iqbal Karachi,99915000.0
8,7,2,2,510.0,Clifton Karachi,177507000.0
7,6,1,1,431.4,Gulberg Lahore,138172000.0
3,3,1,1,168.3,Gulberg Lahore,41607000.0
8,6,1,2,474.1,DHA Islamabad,159937000.0
3,3,1,1,194.7,Gulberg Lahore,56148000.0
7,6,2,1,470.1,Gulshan-e-Iqbal Karachi,92083000.0
7,7,2,2,366.4,F-10 Islamabad,157932000.0
5,4,1,1,258.0,Hayatabad Peshawar,36149000.0
1,1,1,1,105.1,DHA Islamabad,26997000.0
8,7,1,1,506.9,Clifton Karachi,159108000.0
10,9,2,1,567.4,Johar Town Lahore,162971000.0
8,6,1,1,419.6,Satellite Town Rawalpindi,77658000.0
10,7,2,2,580.9,Satellite Town Rawalpindi,125947000.0
10,9,1,1,564.4,Johar Town Lahore,161453000.0
4,2,1,1,165.1,Clifton Karachi,50174000.0
8,5,2,1,454.9,Gulshan-e-Iqbal Karachi,87089000.0
5,4,1,1,248.6,Johar Town Lahore,54047000.0
6,5,1,1,323.3,F-10 Islamabad,134303000.0
3,2,1,1,144.8,DHA Lahore,39642000.0
10,8,1,1,586.4,F-10 Islamabad,249250000.0
7,6,1,2,452.1,Johar Town Lahore,106120000.0
4,3,1,2,204.1,Clifton Karachi,54721000.0
6,6,2,2,260.6,F-10 Islamabad,105451000.0
6,5,2,1,288.1,F-10 Islamabad,111962000.0
8,7,1,2,463.7,Satellite Town Rawalpindi,92016000.0
8,5,2,1,559.9,DHA Lahore,211627000.0
2,1,1,2,233.6,F-10 Islamabad,81608000.0
8,7,2,2,315.2,Gulshan-e-Iqbal Karachi,65640000.0
7,7,1,2,380.3,Gulshan-e-Iqbal Karachi,72945000.0
4,2,1,1,272.4,Satellite Town Rawalpindi,41903000.0
6,5,2,1,332.3,Saddar Rawalpindi,51875000.0
1,1,1,1,117.1,Hayatabad Peshawar,13109000.0
2,1,1,1,150.5,Clifton Karachi,46140000.0
4,3,2,1,276.6,Gulberg Lahore,76152000.0
9,7,1,1,554.1,Satellite Town Rawalpindi,102981000.0
2,1,1,1,248.7,F-10 Islamabad,73237000.0
2,1,1,1,194.9,Gulberg Lahore,53651000.0
9,6,1,2,461.1,Satellite Town Rawalpindi,92775000.0
9,8,2,2,572.5,Satellite Town Rawalpindi,114584000.0
6,5,1,2,307.9,Gulberg Lahore,110412000.0
2,2,1,1,64.6,Saddar Rawalpindi,8535000.0
8,6,1,2,431.6,Hayatabad Peshawar,71199000.0
5,5,1,1,284.1,Saddar Rawalpindi,46257000.0
8,7,1,1,423.8,DHA Islamabad,121398000.0
3,2,1,2,210.0,Gulshan-e-Iqbal Karachi,34327000.0
2,1,1,1,61.3,Bahria Town Rawalpindi,9148000.0
6,4,1,1,246.0,Satellite Town Rawalpindi,43556000.0
9,7,1,1,440.6,DHA Islamabad,151008000.0
3,4,2,1,272.3,Hayatabad Peshawar,35539000.0
3,3,1,1,178.4,Bahria Town Rawalpindi,29013000.0
6,5,1,2,310.6,DHA Lahore,120367000.0
9,8,1,2,466.3,F-10 Islamabad,191757000.0
1,1,1,1,124.5,Saddar Rawalpindi,15927000.0
6,5,1,1,433.5,DHA Lahore,138677000.0
9,7,1,2,420.4,Saddar Rawalpindi,73409000.0
4,4,1,1,260.2,DHA Islamabad,83816000.0
9,9,2,1,584.0,DHA Lahore,284798000.0
9,7,2,2,543.1,Hayatabad Peshawar,78886000.0
5,6,1,1,230.7,Hayatabad Peshawar,31060000.0
1,1,1,1,76.8,F-10 Islamabad,22826000.0
4,3,1,2,226.5,DHA Lahore,86145000.0
2,1,1,1,170.5,DHA Lahore,49138000.0
5,6,1,2,355.5,Clifton Karachi,123852000.0
10,8,1,1,556.1,Johar Town Lahore,148874000.0
10,8,2,2,530.0,Bahria Town Rawalpindi,117198000.0
4,3,1,1,225.1,Saddar Rawalpindi,27368000.0
5,4,2,2,291.4,F-10 Islamabad,107697000.0
3,2,1,1,79.7,Gulberg Lahore,26465000.0
7,6,1,2,353.8,Satellite Town Rawalpindi,68083000.0
3,4,1,1,94.2,Gulshan-e-Iqbal Karachi,16238000.0
10,7,1,2,566.8,DHA Lahore,210611000.0
10,8,1,2,528.1,Hayatabad Peshawar,86708000.0
4,3,1,1,175.7,DHA Lahore,59739000.0
7,5,2,1,437.7,Clifton Karachi,134790000.0
7,6,2,1,366.7,F-10 Islamabad,151804000.0
8,5,1,2,492.7,F-10 Islamabad,193024000.0
6,3,2,2,316.9,Johar Town Lahore,74829000.0
2,2,1,1,163.6,Clifton Karachi,44938000.0
8,6,2,2,405.5,Saddar Rawalpindi,72363000.0
2,1,1,1,103.4,DHA Lahore,31745000.0
7,4,2,1,375.7,Satellite Town Rawalpindi,67099000.0
4,5,1,1,174.9,Clifton Karachi,56844000.0
7,6,1,1,429.9,DHA Islamabad,132866000.0
9,7,1,1,507.1,Saddar Rawalpindi,91182000.0
3,4,1,1,119.1,Clifton Karachi,29672000.0
6,6,1,2,276.1,DHA Lahore,96574000.0
8,8,2,1,456.1,Johar Town Lahore,134948000.0
2,1,1,1,148.4,Gulberg Lahore,41813000.0
6,4,1,1,365.9,Clifton Karachi,119512000.0
7,6,1,2,422.8,Clifton Karachi,135539000.0
6,5,2,2,251.6,DHA Lahore,85377000.0
10,9,2,2,509.3,Gulberg Lahore,202238000.0
6,4,1,2,335.8,DHA Lahore,118299000.0
6,5,1,1,398.6,Johar Town Lahore,101766000.0
3,3,1,1,136.1,Johar Town Lahore,28944000.0
1,1,1,1,72.5,Gulberg Lahore,19127000.0
1,1,1,1,87.4,Clifton Karachi,22167000.0
10,8,1,1,548.1,F-10 Islamabad,262859000.0
10,7,2,1,536.6,Johar Town Lahore,127252000.0
7,5,2,2,496.1,Bahria Town Rawalpindi,91608000.0
3,2,1,1,167.8,Johar Town Lahore,34210000.0
6,4,1,2,343.7,Saddar Rawalpindi,52997000.0
9,7,2,2,489.9,Saddar Rawalpindi,78949000.0
8,6,2,1,424.3,Gulshan-e-Iqbal Karachi,70066000.0
1,1,1,1,122.4,Saddar Rawalpindi,15806000.0
7,5,1,1,543.6,DHA Islamabad,165451000.0
2,3,1,1,146.8,Gulberg Lahore,42880000.0
3,2,1,1,152.8,Gulshan-e-Iqbal Karachi,22942000.0
7,6,2,2,546.5,Saddar Rawalpindi,90727000.0
5,3,2,1,321.7,Clifton Karachi,93663000.0
3,3,1,1,261.4,Satellite Town Rawalpindi,40749000.0
6,5,1,1,359.0,Gulberg Lahore,123919000.0
10,8,2,1,590.0,Bahria Town Rawalpindi,137699000.0
2,1,1,1,124.6,DHA Islamabad,30534000.0
8,7,1,1,468.8,Clifton Karachi,170870000.0
5,2,1,2,240.5,Gulshan-e-Iqbal Karachi,41561000.0
2,1,1,1,123.2,Gulberg Lahore,30640000.0
5,4,2,1,287.8,Saddar Rawalpindi,42946000.0
7,6,2,2,356.3,Saddar Rawalpindi,57119000.0
4,5,1,1,171.2,Gulberg Lahore,53986000.0
5,4,1,1,278.8,F-10 Islamabad,114419000.0
7,6,2,1,403.3,Saddar Rawalpindi,67715000.0
6,6,2,1,371.3,Gulshan-e-Iqbal Karachi,78879000.0
9,8,1,2,450.5,Bahria Town Rawalpindi,106536000.0
9,7,1,2,511.7,F-10 Islamabad,224453000.0
6,4,1,1,280.9,Johar Town Lahore,61833000.0
4,4,2,2,288.4,Johar Town Lahore,63092000.0
7,7,2,1,328.2,Bahria Town Rawalpindi,73319000.0
7,6,2,2,365.8,Hayatabad Peshawar,52290000.0
1,2,1,1,118.5,DHA Lahore,33569000.0
5,6,1,1,228.8,DHA Lahore,76896000.0
2,2,1,1,152.8,DHA Islamabad,42171000.0
5,3,2,1,268.4,Satellite Town Rawalpindi,39181000.0
10,8,1,2,585.6,F-10 Islamabad,273524000.0
7,7,2,2,374.7,Hayatabad Peshawar,52439000.0
6,5,2,1,291.9,Johar Town Lahore,68845000.0
7,7,2,2,365.6,Satellite Town Rawalpindi,69569000.0
7,6,2,1,421.3,Bahria Town Rawalpindi,78766000.0
4,3,2,1,294.9,Bahria Town Rawalpindi,58511000.0
6,5,1,2,301.8,Saddar Rawalpindi,38945000.0
8,7,1,2,438.8,Satellite Town Rawalpindi,86354000.0
1,1,1,1,92.9,Johar Town Lahore,17296000.0
8,5,1,2,351.6,DHA Islamabad,126801000.0
7,5,2,2,355.6,Hayatabad Peshawar,47512000.0
8,6,2,2,468.6,DHA Lahore,177525000.0
10,8,2,2,590.6,Hayatabad Peshawar,108277000.0
9,7,1,1,489.7,Satellite Town Rawalpindi,105173000.0
6,6,2,1,332.0,Satellite Town Rawalpindi,66755000.0
4,4,1,1,151.5,Gulshan-e-Iqbal Karachi,29481000.0
8,7,1,2,377.7,Gulshan-e-Iqbal Karachi,71841000.0
9,6,2,2,510.5,Johar Town Lahore,133367000.0
10,8,1,1,563.5,DHA Islamabad,197290000.0
10,7,2,1,505.7,DHA Lahore,179749000.0
3,2,1,1,162.0,Saddar Rawalpindi,21352000.0
8,7,1,1,444.8,Saddar Rawalpindi,64427000.0
10,9,1,1,535.3,Clifton Karachi,195657000.0
8,7,1,1,427.7,Gulshan-e-Iqbal Karachi,74551000.0
7,6,1,2,430.3,DHA Islamabad,145299000.0
5,4,1,1,330.1,Johar Town Lahore,67008000.0
7,5,2,2,404.0,Johar Town Lahore,84289000.0
3,3,1,1,219.0,Satellite Town Rawalpindi,36403000.0
1,1,1,1,108.0,Gulberg Lahore,27069000.0
10,8,1,1,507.0,F-10 Islamabad,223889000.0
10,8,1,2,569.3,Gulberg Lahore,207891000.0
8,6,2,1,522.7,Bahria Town Rawalpindi,123844000.0
4,2,1,2,240.3,Clifton Karachi,70741000.0
2,2,1,1,110.5,Gulshan-e-Iqbal Karachi,15706000.0
4,2,1,2,211.3,Saddar Rawalpindi,25451000.0
8,7,2,2,515.1,Hayatabad Peshawar,97027000.0
6,4,1,2,414.1,DHA Islamabad,144663000.0
10,7,2,2,582.0,F-10 Islamabad,294996000.0
3,2,1,1,245.0,Gulberg Lahore,66541000.0
6,6,1,1,357.8,F-10 Islamabad,137858000.0
9,7,2,2,486.6,Satellite Town Rawalpindi,102430000.0
3,2,1,1,186.4,Bahria Town Rawalpindi,30292000.0
10,8,2,2,580.6,DHA Islamabad,199515000.0
9,7,1,2,379.9,Satellite Town Rawalpindi,84469000.0
1,1,1,1,64.3,Hayatabad Peshawar,7183000.0
2,1,1,1,73.6,F-10 Islamabad,21596000.0
7,6,1,2,536.4,Gulberg Lahore,201861000.0
9,9,2,1,408.5,Johar Town Lahore,103911000.0
7,5,2,2,472.1,Johar Town Lahore,96966000.0
10,8,2,2,483.4,Hayatabad Peshawar,75823000.0
5,3,2,1,287.0,DHA Lahore,93376000.0
10,7,1,2,491.3,DHA Islamabad,178326000.0
10,8,2,2,566.3,DHA Lahore,244130000.0
2,1,1,1,153.0,Clifton Karachi,43282000.0
8,7,1,1,472.6,Johar Town Lahore,114362000.0
3,3,1,2,226.2,Johar Town Lahore,44281000.0
5,3,1,2,233.6,Hayatabad Peshawar,34285000.0
5,5,2,1,282.9,Saddar Rawalpindi,46171000.0
9,6,2,2,526.4,F-10 Islamabad,229300000.0
2,1,1,1,71.9,Gulberg Lahore,19827000.0
4,3,2,1,294.3,Gulshan-e-Iqbal Karachi,46734000.0
7,7,2,2,427.2,DHA Lahore,153652000.0
2,1,1,1,119.6,DHA Lahore,39958000.0
8,7,1,2,487.8,Bahria Town Rawalpindi,104915000.0
10,8,1,1,568.6,F-10 Islamabad,264300000.0
4,4,1,1,109.1,Saddar Rawalpindi,13947000.0
2,2,1,1,142.6,Satellite Town Rawalpindi,22267000.0
10,8,1,2,586.0,Saddar Rawalpindi,97652000.0
3,3,1,1,166.8,Gulberg Lahore,54552000.0
2,3,1,1,102.6,Bahria Town Rawalpindi,19936000.0
9,8,1,2,574.2,Bahria Town Rawalpindi,139022000.0
10,8,2,1,542.0,DHA Lahore,229477000.0
8,7,2,1,414.1,Johar Town Lahore,102104000.0
5,4,1,2,357.8,Satellite Town Rawalpindi,61510000.0
10,7,1,1,556.4,Satellite Town Rawalpindi,116325000.0
9,7,1,2,414.0,DHA Islamabad,145679000.0
7,6,1,2,415.5,Gulshan-e-Iqbal Karachi,83933000.0
8,6,2,2,515.6,Gulberg Lahore,176962000.0
8,7,1,1,412.8,F-10 Islamabad,195258000.0
5,3,1,1,332.0,Clifton Karachi,96117000.0
6,5,2,1,270.4,DHA Islamabad,80308000.0
6,6,2,2,331.7,Gulberg Lahore,119039000.0
8,7,1,2,342.1,Clifton Karachi,125103000.0
4,4,2,2,254.8,F-10 Islamabad,84219000.0
5,4,2,1,302.0,Clifton Karachi,90608000.0
10,8,2,1,493.0,Johar Town Lahore,111202000.0
5,3,1,2,284.9,Saddar Rawalpindi,39698000.0
2,2,1,1,73.8,Bahria Town Rawalpindi,11871000.0
5,2,1,1,212.8,DHA Islamabad,61007000.0
3,2,1,1,185.1,Johar Town Lahore,33902000.0
8,6,1,1,488.5,F-10 Islamabad,196847000.0
4,3,2,1,302.6,Gulshan-e-Iqbal Karachi,54242000.0
4,5,1,2,211.4,Bahria Town Rawalpindi,47088000.0
9,8,2,1,497.8,Clifton Karachi,172259000.0
2,2,1,1,70.4,Hayatabad Peshawar,8957000.0
3,2,1,1,154.1,Bahria Town Rawalpindi,27446000.0
8,8,1,1,506.6,Gulberg Lahore,164435000.0
4,4,1,2,357.4,Satellite Town Rawalpindi,56710000.0
10,7,1,2,477.8,Johar Town Lahore,98363000.0
10,8,1,1,512.6,Bahria Town Rawalpindi,122983000.0
10,9,1,1,568.7,F-10 Islamabad,243786000.0
2,1,1,1,94.2,Saddar Rawalpindi,11934000.0
8,6,1,2,491.6,Satellite Town Rawalpindi,112241000.0
7,6,1,1,442.7,Gulberg Lahore,170860000.0
5,3,1,1,171.8,Johar Town Lahore,34132000.0
10,8,2,2,563.1,Saddar Rawalpindi,96611000.0
4,2,2,2,278.3,Bahria Town Rawalpindi,56230000.0
9,8,1,1,539.3,F-10 Islamabad,223363000.0
7,5,2,2,386.8,Saddar Rawalpindi,67478000.0
6,5,2,1,344.4,F-10 Islamabad,163199000.0
5,3,1,1,146.1,Saddar Rawalpindi,21986000.0
10,7,1,2,553.7,Johar Town Lahore,156654000.0
5,3,1,1,360.6,Hayatabad Peshawar,51390000.0
1,1,1,1,63.3,DHA Islamabad,14786000.0
2,2,1,1,69.9,Hayatabad Peshawar,8470000.0
7,6,1,1,479.9,F-10 Islamabad,183236000.0
3,1,1,1,147.4,DHA Islamabad,41588000.0
8,6,1,2,383.3,Gulshan-e-Iqbal Karachi,68538000.0
8,6,1,2,427.8,Johar Town Lahore,109995000.0
3,3,1,2,210.9,Satellite Town Rawalpindi,36353000.0
6,5,1,1,367.4,Bahria Town Rawalpindi,71471000.0
2,2,1,1,189.7,DHA Islamabad,46374000.0
10,7,2,1,571.0,Clifton Karachi,209469000.0
10,9,1,2,524.5,Satellite Town Rawalpindi,105107000.0
3,2,1,2,215.5,DHA Lahore,67986000.0
8,6,2,1,345.6,Saddar Rawalpindi,54231000.0
7,6,1,1,330.3,Satellite Town Rawalpindi,57811000.0
9,7,1,1,578.4,Satellite Town Rawalpindi,119361000.0
3,2,1,2,272.8,Johar Town Lahore,56231000.0
6,4,1,1,363.6,Gulshan-e-Iqbal Karachi,61967000.0
10,8,1,2,561.5,Johar Town Lahore,132146000.0
4,3,1,1,147.9,Gulshan-e-Iqbal Karachi,25807000.0
8,8,2,1,357.3,Clifton Karachi,125200000.0
2,3,1,1,117.1,Johar Town Lahore,25835000.0
7,6,1,1,393.4,DHA Lahore,145007000.0
3,1,2,2,257.5,Gulshan-e-Iqbal Karachi,40352000.0
10,9,1,1,582.5,Saddar Rawalpindi,103182000.0
5,3,1,2,284.3,Hayatabad Peshawar,39037000.0
2,1,1,1,133.5,Clifton Karachi,43262000.0
10,8,2,2,510.4,Bahria Town Rawalpindi,120191000.0
9,7,2,2,503.3,Clifton Karachi,202051000.0
9,7,1,1,435.2,Gulberg Lahore,162493000.0
7,5,1,1,464.4,DHA Islamabad,158744000.0
6,4,1,2,202.9,DHA Islamabad,53844000.0
7,6,1,2,406.7,Clifton Karachi,157199000.0
2,2,1,1,80.5,Hayatabad Peshawar,9795000.0
4,3,1,1,166.3,Johar Town Lahore,33334000.0
10,6,2,1,563.4,DHA Lahore,242618000.0
9,8,1,1,459.2,DHA Islamabad,162798000.0
4,3,1,1,184.6,Gulshan-e-Iqbal Karachi,27369000.0
1,2,1,1,120.1,DHA Islamabad,24902000.0
10,8,1,2,572.4,Satellite Town Rawalpindi,135573000.0
2,1,1,1,120.6,Saddar Rawalpindi,14891000.0
3,1,1,1,198.8,Hayatabad Peshawar,22720000.0
4,5,1,1,158.6,Gulberg Lahore,48094000.0
2,2,1,1,64.0,Bahria Town Rawalpindi,11881000.0
4,4,1,1,229.6,Gulberg Lahore,68300000.0
10,9,2,1,586.1,Saddar Rawalpindi,113464000.0
2,2,1,2,244.6,F-10 Islamabad,79625000.0
5,5,1,2,332.3,Satellite Town Rawalpindi,53427000.0
9,7,2,2,462.8,Bahria Town Rawalpindi,114169000.0
8,7,1,2,357.6,DHA Islamabad,131697000.0
9,7,2,2,461.5,F-10 Islamabad,198014000.0
9,7,2,2,417.3,Saddar Rawalpindi,73851000.0
8,6,2,2,388.6,Clifton Karachi,138390000.0
7,5,1,2,410.8,Gulberg Lahore,146485000.0
9,7,1,2,491.5,Gulshan-e-Iqbal Karachi,112854000.0
8,6,2,1,443.5,Gulshan-e-Iqbal Karachi,83872000.0
8,5,2,1,487.6,Clifton Karachi,162678000.0
4,3,1,1,138.6,Johar Town Lahore,27966000.0
7,5,2,1,425.9,Bahria Town Rawalpindi,83529000.0
9,8,1,2,458.0,F-10 Islamabad,182097000.0
5,4,1,1,222.0,Johar Town Lahore,48106000.0
9,8,1,2,532.3,Bahria Town Rawalpindi,128542000.0
4,4,1,2,224.5,Johar Town Lahore,47791000.0
3,2,1,1,191.7,Bahria Town Rawalpindi,33090000.0
10,8,2,1,528.2,Saddar Rawalpindi,90090000.0
3,2,1,1,193.4,Bahria Town Rawalpindi,34126000.0
4,4,2,2,284.4,Bahria Town Rawalpindi,55766000.0
6,5,2,1,258.7,Gulshan-e-Iqbal Karachi,48310000.0
10,8,2,2,545.0,F-10 Islamabad,261151000.0
7,6,2,1,305.8,Gulberg Lahore,110870000.0
9,8,1,2,434.9,Gulberg Lahore,182240000.0
10,7,1,1,488.8,F-10 Islamabad,227313000.0
8,7,2,1,399.1,Saddar Rawalpindi,70516000.0
10,7,1,1,569.6,Gulshan-e-Iqbal Karachi,101649000.0
9,8,1,2,493.4,F-10 Islamabad,239494000.0
4,4,2,2,276.1,Gulshan-e-Iqbal Karachi,46231000.0
10,9,1,2,573.4,Gulshan-e-Iqbal Karachi,123252000.0
5,3,1,2,343.3,Johar Town Lahore,66836000.0
1,2,1,1,72.2,Clifton Karachi,21450000.0
4,4,1,1,200.4,Hayatabad Peshawar,21872000.0
7,5,2,2,395.7,DHA Lahore,164514000.0
2,1,1,1,144.7,DHA Lahore,43131000.0
5,3,2,1,375.4,Johar Town Lahore,69539000.0
7,5,1,2,255.3,Satellite Town Rawalpindi,54028000.0
7,5,2,1,348.6,Gulshan-e-Iqbal Karachi,66895000.0
1,1,1,1,61.0,DHA Islamabad,12384000.0
10,9,1,2,518.1,Johar Town Lahore,136140000.0
7,5,2,2,255.4,Saddar Rawalpindi,43234000.0
3,3,1,1,135.7,F-10 Islamabad,52403000.0
3,3,2,2,296.5,Hayatabad Peshawar,37495000.0
9,7,2,2,322.5,Saddar Rawalpindi,46629000.0
5,4,2,1,404.2,Satellite Town Rawalpindi,76845000.0
6,5,1,2,343.3,DHA Islamabad,111295000.0
1,1,1,1,83.5,Clifton Karachi,17786000.0
9,7,2,1,530.6,Johar Town Lahore,138852000.0
6,5,2,2,306.5,Clifton Karachi,104563000.0
1,2,1,1,101.6,Satellite Town Rawalpindi,14294000.0
9,9,2,2,477.3,Gulberg Lahore,178165000.0
9,6,2,2,416.5,Johar Town Lahore,101511000.0
7,4,1,2,410.7,Gulshan-e-Iqbal Karachi,72844000.0
4,4,2,1,290.5,Saddar Rawalpindi,43352000.0
5,5,2,2,281.7,Saddar Rawalpindi,46172000.0
6,6,1,2,349.6,Gulberg Lahore,102307000.0
1,1,1,1,87.3,Hayatabad Peshawar,9973000.0
3,3,1,2,221.4,DHA Islamabad,63410000.0
10,9,1,1,593.5,Johar Town Lahore,160301000.0
8,7,1,1,417.6,Clifton Karachi,141870000.0
4,4,1,1,286.2,DHA Islamabad,89996000.0
2,1,1,1,180.1,DHA Lahore,57038000.0
9,7,2,2,462.4,Clifton Karachi,166054000.0
3,3,1,1,200.6,Clifton Karachi,56258000.0
3,2,1,1,147.7,Bahria Town Rawalpindi,26991000.0
4,3,1,1,143.4,Gulberg Lahore,47051000.0
8,7,2,1,453.8,F-10 Islamabad,185686000.0
6,4,1,1,407.1,Gulshan-e-Iqbal Karachi,65651000.0
2,2,1,1,97.7,Gulberg Lahore,27601000.0
2,2,1,1,122.1,Clifton Karachi,30076000.0
7,5,1,2,402.3,Saddar Rawalpindi,55792000.0
7,5,1,1,368.4,Saddar Rawalpindi,54848000.0
9,6,1,1,430.4,F-10 Islamabad,190051000.0
3,3,1,1,156.1,Satellite Town Rawalpindi,27137000.0
8,6,2,2,452.4,Bahria Town Rawalpindi,95742000.0
10,7,2,2,565.5,DHA Islamabad,203320000.0
8,5,1,1,384.6,DHA Islamabad,125840000.0
4,4,1,1,165.9,F-10 Islamabad,57491000.0
8,6,1,2,427.0,Satellite Town Rawalpindi,78410000.0
3,2,1,2,245.3,F-10 Islamabad,86148000.0
3,2,1,1,86.6,Gulshan-e-Iqbal Karachi,12141000.0
4,3,1,1,223.3,DHA Lahore,68134000.0
9,8,2,1,549.0,DHA Islamabad,192786000.0
5,4,1,1,282.0,DHA Lahore,97761000.0
9,6,1,2,526.9,DHA Islamabad,161658000.0
7,6,1,2,334.7,Johar Town Lahore,79388000.0
7,6,1,2,339.2,Clifton Karachi,104959000.0
1,1,1,1,62.8,Johar Town Lahore,10625000.0
7,6,2,1,404.0,Gulberg Lahore,150413000.0
1,1,1,1,118.2,Saddar Rawalpindi,14295000.0
4,3,1,1,318.5,Clifton Karachi,103253000.0
2,1,1,1,200.6,F-10 Islamabad,63549000.0
4,2,2,2,271.9,DHA Lahore,94931000.0
5,5,2,2,350.0,Bahria Town Rawalpindi,75063000.0
2,2,1,1,67.8,Hayatabad Peshawar,8048000.0
5,4,1,2,213.7,Saddar Rawalpindi,29002000.0
10,8,2,2,594.4,Gulberg Lahore,234591000.0
3,3,1,1,91.0,Gulshan-e-Iqbal Karachi,13732000.0
3,2,1,1,232.5,Gulshan-e-Iqbal Karachi,34146000.0
4,3,1,1,233.6,Clifton Karachi,68532000.0
5,4,1,2,264.9,DHA Islamabad,71160000.0
9,9,2,2,429.8,Satellite Town Rawalpindi,85641000.0
4,4,1,1,193.8,Hayatabad Peshawar,23767000.0
6,5,2,1,308.5,Hayatabad Peshawar,43822000.0
6,6,2,1,408.2,Hayatabad Peshawar,57014000.0
3,3,1,1,234.1,Hayatabad Peshawar,27907000.0
10,7,2,1,572.3,Saddar Rawalpindi,103275000.0
9,7,1,1,589.0,DHA Islamabad,196588000.0
4,3,1,1,124.6,Johar Town Lahore,25463000.0
5,4,1,1,245.7,F-10 Islamabad,84453000.0
2,1,1,1,172.3,F-10 Islamabad,51689000.0
2,2,1,1,160.9,Satellite Town Rawalpindi,27301000.0
8,6,1,1,325.1,Saddar Rawalpindi,51058000.0
8,7,2,1,364.5,Johar Town Lahore,77635000.0
5,3,1,2,289.9,Saddar Rawalpindi,43406000.0
4,3,1,1,207.2,Bahria Town Rawalpindi,35986000.0
3,1,1,1,210.5,F-10 Islamabad,70283000.0
10,7,2,2,595.7,Satellite Town Rawalpindi,123879000.0
9,7,2,2,558.8,DHA Lahore,237630000.0
2,2,1,1,101.0,Clifton Karachi,26805000.0
9,7,1,1,414.5,Johar Town Lahore,102705000.0
5,5,1,2,306.7,F-10 Islamabad,128485000.0
7,7,2,2,432.0,Satellite Town Rawalpindi,71427000.0
6,5,2,1,382.4,Saddar Rawalpindi,54339000.0
10,8,1,2,540.2,Gulshan-e-Iqbal Karachi,106889000.0
1,1,1,1,96.2,Gulberg Lahore,22195000.0
5,4,1,2,248.8,Gulshan-e-Iqbal Karachi,41475000.0
9,6,2,2,592.2,Hayatabad Peshawar,91367000.0
4,4,1,1,158.4,Gulshan-e-Iqbal Karachi,27925000.0
1,2,1,1,128.8,Johar Town Lahore,23341000.0
8,6,1,1,453.6,F-10 Islamabad,187288000.0
8,6,1,1,479.8,Johar Town Lahore,112701000.0
9,7,2,1,423.0,DHA Lahore,158122000.0
9,7,2,1,479.1,Clifton Karachi,184852000.0
10,8,1,1,434.6,DHA Islamabad,169147000.0
3,2,1,1,133.3,F-10 Islamabad,41067000.0
8,7,2,2,388.4,Saddar Rawalpindi,75059000.0
9,7,2,2,479.5,DHA Lahore,187138000.0
10,9,2,2,527.4,DHA Lahore,216576000.0
5,4,1,1,193.0,Johar Town Lahore,42801000.0
3,1,1,1,128.8,DHA Lahore,39963000.0
9,9,2,2,481.8,Saddar Rawalpindi,88183000.0
3,3,1,1,198.5,F-10 Islamabad,66806000.0
1,1,1,1,77.2,Saddar Rawalpindi,10159000.0
10,8,1,1,505.6,F-10 Islamabad,220211000.0
7,5,2,1,333.2,DHA Lahore,122869000.0
4,2,1,2,236.4,Clifton Karachi,76388000.0
1,1,1,1,66.2,Satellite Town Rawalpindi,8412000.0
1,2,1,1,79.1,F-10 Islamabad,24247000.0
10,8,2,1,488.0,Clifton Karachi,197708000.0
5,5,1,2,324.4,DHA Islamabad,102780000.0
3,3,1,1,140.8,DHA Islamabad,40664000.0
5,4,2,2,253.6,Saddar Rawalpindi,35000000.0
2,2,1,1,149.3,Gulshan-e-Iqbal Karachi,22664000.0
4,4,1,1,121.0,DHA Lahore,39119000.0
2,2,1,2,209.2,Clifton Karachi,66126000.0
8,6,2,2,356.7,DHA Lahore,148140000.0
3,2,1,1,173.4,Gulberg Lahore,49447000.0
2,1,1,1,245.6,DHA Lahore,72519000.0
7,6,1,2,318.1,Gulberg Lahore,112646000.0
6,5,1,2,286.8,Saddar Rawalpindi,47128000.0
2,2,1,1,129.5,DHA Lahore,36145000.0
1,1,1,1,81.0,Gulberg Lahore,23229000.0
1,1,1,1,79.1,Johar Town Lahore,12757000.0
7,4,1,1,249.1,Saddar Rawalpindi,39088000.0
7,7,2,2,448.2,Gulberg Lahore,154307000.0
1,1,1,1,130.9,Hayatabad Peshawar,14729000.0
9,7,2,2,485.0,Johar Town Lahore,134476000.0
6,6,1,2,446.5,Gulshan-e-Iqbal Karachi,72499000.0
1,1,1,1,62.1,Hayatabad Peshawar,6888000.0
2,2,1,1,74.4,DHA Lahore,19882000.0
3,3,1,1,165.3,F-10 Islamabad,55895000.0
1,1,1,1,90.3,Saddar Rawalpindi,9868000.0
6,5,2,1,346.9,DHA Islamabad,109923000.0
1,2,1,1,81.4,Johar Town Lahore,14404000.0
9,7,1,2,493.4,Hayatabad Peshawar,83804000.0
5,3,2,1,326.2,DHA Lahore,119560000.0
8,6,2,2,453.1,Gulshan-e-Iqbal Karachi,89100000.0
8,6,1,1,465.4,Johar Town Lahore,119321000.0
5,4,1,1,333.7,F-10 Islamabad,136459000.0
10,7,1,1,559.7,Gulberg Lahore,198642000.0
10,6,2,2,594.7,Johar Town Lahore,170359000.0
4,4,1,1,254.0,Bahria Town Rawalpindi,47371000.0
1,1,1,1,128.0,DHA Lahore,33436000.0
4,3,1,2,256.1,DHA Lahore,85903000.0
5,2,1,1,180.6,Satellite Town Rawalpindi,29111000.0
5,5,2,1,346.7,Bahria Town Rawalpindi,62440000.0
5,4,2,2,264.3,Satellite Town Rawalpindi,42814000.0
6,5,1,1,319.4,DHA Lahore,126577000.0
8,7,2,1,472.1,Gulshan-e-Iqbal Karachi,94942000.0
3,1,1,1,208.0,Clifton Karachi,61667000.0
8,6,2,1,350.2,Gulberg Lahore,122816000.0
5,4,1,2,241.0,Hayatabad Peshawar,31390000.0
10,7,1,1,483.9,F-10 Islamabad,190872000.0
8,6,1,2,405.3,DHA Islamabad,145166000.0
2,2,1,1,64.6,Saddar Rawalpindi,8552000.0
9,8,2,1,416.4,Clifton Karachi,149642000.0
4,2,1,1,151.9,Satellite Town Rawalpindi,22595000.0
10,8,1,2,451.2,Johar Town Lahore,129491000.0
8,7,1,1,366.4,DHA Islamabad,121824000.0
4,3,1,1,276.8,DHA Islamabad,76464000.0
9,7,2,1,434.8,DHA Lahore,168062000.0
10,8,2,2,522.6,F-10 Islamabad,237888000.0
10,8,1,1,480.5,Hayatabad Peshawar,82639000.0
5,4,1,1,354.5,Bahria Town Rawalpindi,61348000.0
9,7,1,1,450.3,Satellite Town Rawalpindi,89994000.0
4,3,1,1,283.5,F-10 Islamabad,107304000.0
9,6,1,2,486.1,Bahria Town Rawalpindi,108428000.0
9,7,1,1,507.7,Gulberg Lahore,202252000.0
3,2,1,1,134.1,Bahria Town Rawalpindi,25442000.0
2,1,1,1,188.5,DHA Lahore,58034000.0
5,4,1,1,205.8,Gulberg Lahore,62664000.0
3,3,1,1,149.7,Johar Town Lahore,29646000.0
5,4,1,2,272.0,Johar Town Lahore,60864000.0
5,3,1,1,164.2,DHA Islamabad,45634000.0
7,5,1,1,381.6,Bahria Town Rawalpindi,76042000.0
2,1,1,1,114.9,Bahria Town Rawalpindi,18102000.0
4,5,1,2,205.8,F-10 Islamabad,91587000.0
8,6,2,1,419.4,Bahria Town Rawalpindi,90225000.0
7,5,2,1,275.2,Gulberg Lahore,102288000.0
5,3,2,2,287.6,Clifton Karachi,83498000.0
8,6,2,2,490.9,Gulberg Lahore,201504000.0
10,8,1,2,591.6,Gulberg Lahore,225776000.0
6,6,2,1,365.1,Johar Town Lahore,85649000.0
1,1,1,1,102.7,Clifton Karachi,22600000.0
1,1,1,1,115.6,Gulberg Lahore,32620000.0
9,8,1,1,583.0,F-10 Islamabad,283961000.0
6,5,2,2,426.8,DHA Lahore,143809000.0
8,6,1,2,466.3,DHA Islamabad,169271000.0
8,7,1,1,424.9,Johar Town Lahore,94763000.0
4,3,1,1,157.0,Hayatabad Peshawar,21148000.0
6,5,2,2,302.1,DHA Lahore,108789000.0
10,7,2,2,491.0,Bahria Town Rawalpindi,127323000.0
9,6,2,2,527.8,Gulshan-e-Iqbal Karachi,107946000.0
4,3,1,1,188.2,Bahria Town Rawalpindi,36629000.0
8,6,2,2,381.8,F-10 Islamabad,179362000.0
3,3,1,1,144.8,Bahria Town Rawalpindi,25206000.0
10,7,1,1,577.5,Satellite Town Rawalpindi,117133000.0
2,1,1,1,196.2,Hayatabad Peshawar,20952000.0
9,7,1,2,452.4,Clifton Karachi,160833000.0
5,4,1,1,184.8,Clifton Karachi,63989000.0
7,6,2,2,392.7,Gulshan-e-Iqbal Karachi,79381000.0
7,5,1,2,416.0,Clifton Karachi,128573000.0
4,3,1,1,237.4,Johar Town Lahore,54015000.0
9,8,2,1,502.2,Hayatabad Peshawar,84805000.0
9,7,1,2,538.1,Saddar Rawalpindi,99556000.0
10,9,1,1,521.7,DHA Islamabad,197135000.0
5,4,1,2,238.6,DHA Lahore,84747000.0
9,7,2,2,461.9,Hayatabad Peshawar,65085000.0
7,6,1,2,362.1,DHA Lahore,147490000.0
6,5,2,1,380.0,F-10 Islamabad,127268000.0
5,4,1,2,317.8,Satellite Town Rawalpindi,58721000.0
6,5,2,2,384.1,Clifton Karachi,127940000.0
2,3,1,1,133.3,Clifton Karachi,38654000.0
7,6,1,2,280.8,DHA Lahore,107311000.0
5,5,1,1,155.9,Bahria Town Rawalpindi,32856000.0
5,3,1,1,211.3,DHA Lahore,70111000.0
2,1,1,1,129.0,DHA Lahore,38086000.0
2,2,1,1,174.7,Hayatabad Peshawar,21348000.0
9,8,1,2,482.2,Gulberg Lahore,209315000.0
6,4,2,2,356.9,Bahria Town Rawalpindi,75869000.0
3,2,1,1,72.8,DHA Lahore,20214000.0
7,7,1,1,485.8,Hayatabad Peshawar,70834000.0
10,8,1,1,551.1,Johar Town Lahore,150551000.0
9,8,1,1,535.4,DHA Lahore,235972000.0
9,7,2,2,504.4,Gulshan-e-Iqbal Karachi,98061000.0
10,8,1,2,595.8,Gulshan-e-Iqbal Karachi,144735000.0
8,7,1,1,376.7,Gulberg Lahore,138255000.0
10,8,2,1,579.8,Hayatabad Peshawar,100274000.0
10,8,2,2,572.4,Clifton Karachi,200185000.0
4,3,1,1,229.1,DHA Islamabad,69048000.0
10,8,1,1,526.3,DHA Lahore,211071000.0
10,9,2,1,487.9,Hayatabad Peshawar,79081000.0
9,6,2,2,478.9,DHA Lahore,188256000.0
9,8,1,2,544.0,Clifton Karachi,220700000.0
5,4,2,1,267.5,Clifton Karachi,85755000.0
6,5,1,1,276.0,Gulshan-e-Iqbal Karachi,46011000.0
6,5,2,1,405.6,Satellite Town Rawalpindi,70595000.0
7,5,2,1,458.4,Bahria Town Rawalpindi,105740000.0
10,8,1,2,535.1,Johar Town Lahore,139970000.0
9,7,2,1,533.0,Johar Town Lahore,141540000.0
7,5,2,2,449.5,Bahria Town Rawalpindi,101311000.0
10,9,1,1,576.7,Gulshan-e-Iqbal Karachi,92457000.0
2,2,1,1,156.5,Bahria Town Rawalpindi,28663000.0
10,8,1,2,573.2,Johar Town Lahore,143370000.0
1,1,1,1,94.7,Gulberg Lahore,24157000.0
6,5,2,2,360.0,Bahria Town Rawalpindi,83056000.0
1,1,1,1,108.7,Satellite Town Rawalpindi,16790000.0
7,6,1,1,366.7,F-10 Islamabad,155238000.0
5,3,2,1,270.7,F-10 Islamabad,105606000.0
3,1,1,1,104.1,Satellite Town Rawalpindi,16596000.0
7,6,1,1,410.0,Satellite Town Rawalpindi,83891000.0
10,8,2,2,454.8,DHA Islamabad,186237000.0
1,1,1,1,154.1,Gulberg Lahore,40637000.0
6,5,1,2,435.0,Gulshan-e-Iqbal Karachi,74567000.0
5,2,1,1,156.7,Saddar Rawalpindi,21606000.0
3,4,1,1,134.2,Hayatabad Peshawar,17384000.0
3,3,1,1,139.6,Clifton Karachi,39235000.0
7,5,1,1,383.5,DHA Islamabad,112564000.0
9,7,2,2,480.5,Satellite Town Rawalpindi,101400000.0
7,6,2,2,382.3,Bahria Town Rawalpindi,74063000.0
8,7,2,1,497.0,Bahria Town Rawalpindi,111780000.0
8,6,2,2,379.4,Gulshan-e-Iqbal Karachi,75332000.0
10,7,2,1,490.6,Clifton Karachi,183587000.0
10,9,2,2,587.3,DHA Islamabad,233805000.0
7,6,1,1,271.1,Bahria Town Rawalpindi,60027000.0
3,3,1,1,141.0,Clifton Karachi,45963000.0
1,1,1,1,133.1,F-10 Islamabad,39584000.0
9,8,2,1,382.6,Gulshan-e-Iqbal Karachi,80170000.0
5,5,1,1,355.4,DHA Lahore,125014000.0
3,1,1,1,159.5,Clifton Karachi,43351000.0
9,7,2,2,536.3,Johar Town Lahore,126783000.0
10,8,1,1,576.6,DHA Lahore,218953000.0
4,3,1,1,196.7,Gulberg Lahore,59244000.0
3,3,1,1,171.7,Gulshan-e-Iqbal Karachi,23947000.0
4,2,1,1,175.5,Johar Town Lahore,34197000.0
4,2,2,1,269.2,Clifton Karachi,74249000.0
9,7,1,1,520.7,Clifton Karachi,182410000.0
6,5,1,1,381.8,F-10 Islamabad,161145000.0
2,2,1,1,96.5,Hayatabad Peshawar,10597000.0
6,6,1,1,315.4,Clifton Karachi,109318000.0
4,3,1,1,108.8,Gulshan-e-Iqbal Karachi,16839000.0
5,5,2,2,279.4,Satellite Town Rawalpindi,48509000.0
3,3,1,1,277.9,Hayatabad Peshawar,35984000.0
9,8,2,2,410.1,Gulshan-e-Iqbal Karachi,83867000.0
7,6,2,2,356.7,Saddar Rawalpindi,55648000.0
10,8,1,1,532.4,Johar Town Lahore,135969000.0
1,1,1,1,68.8,Saddar Rawalpindi,7321000.0
8,6,1,2,478.0,Gulberg Lahore,177245000.0
3,3,1,1,72.2,Gulshan-e-Iqbal Karachi,8864000.0
4,3,1,1,224.3,DHA Islamabad,66594000.0
8,6,1,1,535.0,Hayatabad Peshawar,85048000.0
8,7,2,1,432.8,F-10 Islamabad,208879000.0
4,3,1,1,152.9,Gulshan-e-Iqbal Karachi,28417000.0
6,4,2,2,325.0,DHA Islamabad,108050000.0
7,5,1,2,449.8,Bahria Town Rawalpindi,90294000.0
9,8,1,1,566.2,Hayatabad Peshawar,105668000.0
6,4,2,1,402.5,Satellite Town Rawalpindi,65294000.0
3,3,1,1,73.3,F-10 Islamabad,21918000.0
6,5,2,2,329.8,Bahria Town Rawalpindi,77596000.0
1,1,1,1,142.6,Saddar Rawalpindi,18063000.0
2,1,1,1,85.8,Hayatabad Peshawar,8631000.0
7,4,1,1,383.2,Bahria Town Rawalpindi,70166000.0
8,6,1,1,479.5,Gulshan-e-Iqbal Karachi,94877000.0
1,1,1,1,79.5,Gulberg Lahore,19539000.0
8,7,2,2,483.1,Saddar Rawalpindi,79587000.0
9,7,1,1,441.4,DHA Lahore,199630000.0
9,7,1,1,466.1,Bahria Town Rawalpindi,120770000.0
4,4,1,1,192.2,Gulberg Lahore,59791000.0
5,3,1,1,272.5,Johar Town Lahore,56617000.0
3,2,1,1,124.7,Saddar Rawalpindi,17575000.0
3,1,1,1,189.0,DHA Islamabad,46972000.0
4,4,1,1,223.5,Hayatabad Peshawar,24896000.0
5,5,1,2,232.5,Gulshan-e-Iqbal Karachi,33056000.0
4,2,1,1,154.5,Satellite Town Rawalpindi,24212000.0
2,1,1,1,161.9,Hayatabad Peshawar,19906000.0
10,8,1,2,546.8,Bahria Town Rawalpindi,130283000.0
10,8,2,2,483.3,Bahria Town Rawalpindi,123284000.0
6,5,1,2,246.0,Saddar Rawalpindi,40993000.0
10,8,2,2,571.7,F-10 Islamabad,293905000.0
3,3,1,1,189.0,Bahria Town Rawalpindi,34017000.0
6,4,2,2,279.7,Johar Town Lahore,64999000.0
9,7,2,2,499.3,Hayatabad Peshawar,81575000.0
6,4,1,2,299.2,Saddar Rawalpindi,45061000.0
4,3,1,1,186.7,Johar Town Lahore,33937000.0
3,1,1,2,259.0,F-10 Islamabad,93872000.0
7,5,2,1,330.4,Gulberg Lahore,111180000.0
8,6,2,1,395.1,Gulshan-e-Iqbal Karachi,74101000.0
5,5,2,2,279.0,Bahria Town Rawalpindi,54535000.0
5,4,2,2,292.9,Johar Town Lahore,59003000.0
2,2,1,1,202.5,DHA Islamabad,51819000.0
7,6,1,2,349.1,Gulberg Lahore,127610000.0
3,1,1,1,178.5,F-10 Islamabad,55719000.0
9,6,1,2,528.5,Gulshan-e-Iqbal Karachi,112236000.0
8,6,1,2,463.6,Hayatabad Peshawar,69911000.0
5,4,2,2,281.6,Bahria Town Rawalpindi,49992000.0
8,6,1,2,463.5,Saddar Rawalpindi,85204000.0
1,1,1,1,63.8,Gulshan-e-Iqbal Karachi,9069000.0
3,2,1,2,246.0,Hayatabad Peshawar,32559000.0
7,5,1,2,297.8,Hayatabad Peshawar,46868000.0
6,5,2,1,313.7,Bahria Town Rawalpindi,60004000.0
7,6,1,2,464.3,Saddar Rawalpindi,73276000.0
8,6,2,2,579.9,Clifton Karachi,219967000.0
6,5,1,2,265.2,Bahria Town Rawalpindi,61305000.0
5,4,1,1,249.3,F-10 Islamabad,93385000.0
7,6,1,1,389.7,Hayatabad Peshawar,55438000.0
5,5,1,2,211.9,Johar Town Lahore,52872000.0
3,2,1,1,136.3,Gulberg Lahore,37228000.0
10,9,1,1,579.2,Gulberg Lahore,233117000.0
9,6,1,1,497.1,Satellite Town Rawalpindi,94041000.0
10,8,1,1,577.6,Gulberg Lahore,227384000.0
4,2,1,1,177.6,Bahria Town Rawalpindi,29608000.0
3,3,1,1,69.6,Clifton Karachi,19127000.0
5,4,2,1,296.1,Hayatabad Peshawar,39070000.0
10,6,1,2,564.1,F-10 Islamabad,262979000.0
3,3,1,1,134.7,F-10 Islamabad,46980000.0
3,3,1,1,123.3,Johar Town Lahore,25985000.0
4,4,1,1,97.2,F-10 Islamabad,33256000.0
10,7,2,1,473.1,Gulshan-e-Iqbal Karachi,96155000.0
10,9,1,2,484.4,F-10 Islamabad,237756000.0
7,6,1,1,435.5,Bahria Town Rawalpindi,97322000.0
4,4,1,1,88.8,F-10 Islamabad,28965000.0
8,6,1,1,450.6,Hayatabad Peshawar,70195000.0
5,4,2,2,302.3,Hayatabad Peshawar,40021000.0
1,2,1,1,145.3,Johar Town Lahore,28182000.0
4,3,1,1,219.4,DHA Lahore,79960000.0
5,4,2,2,330.6,Satellite Town Rawalpindi,47415000.0
5,5,1,2,238.0,F-10 Islamabad,88051000.0
9,7,2,1,583.7,Gulshan-e-Iqbal Karachi,119929000.0
8,6,2,1,316.4,Gulshan-e-Iqbal Karachi,61199000.0
5,4,2,1,261.0,Gulshan-e-Iqbal Karachi,47977000.0
10,9,1,1,423.5,F-10 Islamabad,197447000.0
6,6,2,1,411.3,Gulshan-e-Iqbal Karachi,73070000.0
3,3,1,1,61.3,Clifton Karachi,16065000.0
5,2,2,1,394.0,Satellite Town Rawalpindi,59598000.0
4,3,1,1,191.6,Bahria Town Rawalpindi,33200000.0
4,3,1,2,262.6,Clifton Karachi,74574000.0
8,6,1,1,441.4,Satellite Town Rawalpindi,86351000.0
6,6,1,1,361.0,Gulberg Lahore,120961000.0
4,2,1,2,259.1,Saddar Rawalpindi,34395000.0
1,2,1,1,150.4,Bahria Town Rawalpindi,22811000.0
6,5,1,1,333.0,Gulshan-e-Iqbal Karachi,56273000.0
4,3,1,1,232.5,Clifton Karachi,64807000.0
10,9,1,2,553.0,F-10 Islamabad,246421000.0
7,6,1,1,348.5,DHA Islamabad,117666000.0
10,8,1,1,527.6,Saddar Rawalpindi,103720000.0
3,2,1,1,270.7,F-10 Islamabad,83616000.0
9,8,1,2,506.8,Johar Town Lahore,142260000.0
2,1,1,1,90.5,DHA Islamabad,23816000.0
4,3,1,2,221.0,Hayatabad Peshawar,29403000.0
1,1,1,1,102.2,Clifton Karachi,28562000.0
2,1,1,1,77.1,Hayatabad Peshawar,8821000.0
10,9,2,2,556.2,Bahria Town Rawalpindi,140471000.0
7,5,1,2,447.1,F-10 Islamabad,183797000.0
8,6,2,2,397.6,Clifton Karachi,141103000.0
6,4,1,2,347.5,Clifton Karachi,114286000.0
6,6,1,1,367.6,Saddar Rawalpindi,58005000.0
7,5,1,1,404.9,Hayatabad Peshawar,60960000.0
8,7,2,1,506.4,Satellite Town Rawalpindi,95195000.0
7,6,2,2,382.3,Bahria Town Rawalpindi,79474000.0
10,8,1,1,464.2,Gulberg Lahore,170912000.0
4,3,1,1,211.7,Hayatabad Peshawar,26615000.0
10,8,1,1,587.5,Clifton Karachi,234410000.0
2,2,1,1,77.2,Satellite Town Rawalpindi,11097000.0
4,3,1,1,268.8,Clifton Karachi,81568000.0
8,6,2,1,536.3,DHA Islamabad,183220000.0
2,2,1,1,157.5,Johar Town Lahore,28707000.0
2,1,1,1,136.3,Satellite Town Rawalpindi,21541000.0
4,3,2,2,257.3,Gulshan-e-Iqbal Karachi,45257000.0
6,5,1,2,291.2,Bahria Town Rawalpindi,59665000.0
10,8,2,2,564.0,F-10 Islamabad,262805000.0
10,9,1,2,511.5,Satellite Town Rawalpindi,110051000.0
5,4,2,1,310.6,Hayatabad Peshawar,38275000.0
10,8,1,1,585.4,Saddar Rawalpindi,98957000.0
9,6,1,1,406.8,Bahria Town Rawalpindi,92820000.0
